"season","round","date","time","gameIDs201415","teamName","homeAway","oppName","pointsTotal","oppPointsTotal","pointsMargin","teamResult","fieldGoalsMade","fieldGoalsAtt","fieldGoalsPct","threesMade","threesAtt","threesPct","freeThrowsMade","freeThrowsAtt","freeThrowsPct","reboundsDef","reboundsOff","reboundsTotal","assists","turnovers","steals","blocks","blocksReceived","foulsPersonal","foulsOn","pointsFromTurnovers","pointsSecondChance","pointsFastBreak","pointsBench","pointsInThePaint","possess","offRtg","defRtg","pointsMarginRtg","offDefRatio","trueShootingRtg","eFGpct","turnoverRate","freeThrowRate","offReboundRate","oppPossess","oppOffRtg","oppDefRtg","oppPointsMarginRtg","oppOffDefRatio","oppTrueShootingRtg","oppeFGpct","oppTurnoverRate","oppFreeThrowRate","oppOffReboundRate"
"2014 / 2015","1",2014-10-17,"1930","20141017-1930_MELvsCAN","Melbourne","Home","Canberra",62,69,-7,"Loss",26,63,41.3,2,8,25,8,11,72.7,15,3,18,16,11,13,4,2,16,16,19,0,2,5,28,76,81.6,90.8,-9.2,0.9,45.4,42.9,14.5,17.5,8.1,74,93.2,83.8,9.40000000000001,1.11,54.6,51.8,31.1,22.8,44.4
"2014 / 2015","1",2014-10-17,"1930","20141017-1930_MELvsCAN","Canberra","Away","Melbourne",69,62,7,"Win",26,57,45.6,7,15,46.7,10,13,76.9,34,12,46,14,23,5,2,4,16,16,12,8,0,9,36,74,93.2,83.8,9.40000000000001,1.11,54.6,51.8,31.1,22.8,44.4,76,81.6,90.8,-9.2,0.9,45.4,42.9,14.5,17.5,8.1
"2014 / 2015","1",2014-10-18,"1500","20141018-1500_DANvsMEL","Dandenong","Home","Melbourne",73,51,22,"Win",33,75,44,3,16,18.8,4,6,66.7,30,13,43,13,11,4,3,0,15,9,17,17,0,8,34,76,96.1,67.1,29,1.43,46.9,46,14.5,8,31.7,75,68,97.3,-29.3,0.7,33.2,30.1,18.7,11,34.8
"2014 / 2015","1",2014-10-18,"1500","20141018-1500_DANvsMEL","Melbourne","Away","Dandenong",51,73,-22,"Loss",21,73,28.8,2,16,12.5,7,8,87.5,28,16,44,11,14,7,0,3,9,15,8,12,0,17,20,75,68,97.3,-29.3,0.7,33.2,30.1,18.7,11,34.8,76,96.1,67.1,29,1.43,46.9,46,14.5,8,31.7
"2014 / 2015","1",2014-10-18,"1830","20141018-1830_WCWvsADL","West Coast","Home","Adelaide",92,68,24,"Win",27,62,43.5,13,25,52,25,36,69.4,29,6,35,25,15,9,3,6,22,24,16,5,0,32,20,87,105.7,78.2,27.5,1.35,58.2,54,17.2,58.1,19.4,89,76.4,103.4,-27,0.74,43.9,36.8,20.2,29.4,17.1
"2014 / 2015","1",2014-10-18,"1830","20141018-1830_WCWvsADL","Adelaide","Away","West Coast",68,92,-24,"Loss",24,68,35.3,2,22,9.1,18,20,90,25,6,31,13,18,4,6,3,24,21,11,4,0,22,30,89,76.4,103.4,-27,0.74,43.9,36.8,20.2,29.4,17.1,87,105.7,78.2,27.5,1.35,58.2,54,17.2,58.1,19.4
"2014 / 2015","1",2014-10-18,"1900","20141018-1900_CANvsSYD","Canberra","Home","Sydney",70,73,-3,"Loss",30,66,45.5,5,19,26.3,5,8,62.5,28,10,38,14,20,3,5,6,19,14,6,11,4,30,32,80,87.5,91.2,-3.7,0.96,50.1,49.2,25,12.1,32.3,76,96.1,92.1,4,1.04,47.4,42.5,13.2,31.3,26.3
"2014 / 2015","1",2014-10-18,"1900","20141018-1900_CANvsSYD","Sydney","Away","Canberra",73,70,3,"Win",26,67,38.8,5,14,35.7,16,21,76.2,21,10,31,9,10,5,6,5,15,19,6,4,2,14,26,76,96.1,92.1,4,1.04,47.4,42.5,13.2,31.3,26.3,80,87.5,91.2,-3.7,0.96,50.1,49.2,25,12.1,32.3
"2014 / 2015","1",2014-10-18,"1900","20141018-1900_TSVvsBEN","Townsville","Home","Bendigo",70,67,3,"Win",26,67,38.8,4,16,25,14,20,70,26,8,34,16,14,1,8,2,15,19,11,8,0,29,32,82,85.4,81.7,3.7,1.05,45.8,41.8,17.1,29.9,23.5,76,88.2,92.1,-3.89999999999999,0.96,47,43.9,18.4,16.7,25.7
"2014 / 2015","1",2014-10-18,"1900","20141018-1900_TSVvsBEN","Bendigo","Away","Townsville",67,70,-3,"Loss",26,66,39.4,6,17,35.3,9,11,81.8,26,9,35,12,14,2,2,8,19,15,15,2,0,14,30,76,88.2,92.1,-3.89999999999999,0.96,47,43.9,18.4,16.7,25.7,82,85.4,81.7,3.7,1.05,45.8,41.8,17.1,29.9,23.5
"2014 / 2015","2",2014-10-23,"1700","20141023-1700_ADLvsDAN","Adelaide","Home","Dandenong",68,63,5,"Win",26,67,38.8,6,21,28.6,10,17,58.8,30,11,41,20,10,1,4,0,13,18,6,8,0,26,28,73,93.2,86.3,6.90000000000001,1.08,45.3,43.3,13.7,25.4,30.6,76,82.9,89.5,-6.59999999999999,0.93,38.5,37.2,7.9,10.3,28.6
"2014 / 2015","2",2014-10-23,"1700","20141023-1700_ADLvsDAN","Dandenong","Away","Adelaide",63,68,-5,"Loss",28,78,35.9,2,13,15.4,5,8,62.5,25,12,37,18,6,3,0,4,18,13,12,6,0,4,24,76,82.9,89.5,-6.59999999999999,0.93,38.5,37.2,7.9,10.3,28.6,73,93.2,86.3,6.90000000000001,1.08,45.3,43.3,13.7,25.4,30.6
"2014 / 2015","2",2014-10-25,"1500","20141025-1500_BENvsCAN","Bendigo","Home","Canberra",67,60,7,"Win",27,69,39.1,5,23,21.7,8,13,61.5,17,9,26,21,9,10,1,3,16,18,18,6,4,22,38,75,89.3,80,9.3,1.12,44.6,42.8,12,18.8,22,77,77.9,87,-9.09999999999999,0.9,42.8,38.3,32.5,20.3,51.4
"2014 / 2015","2",2014-10-25,"1500","20141025-1500_BENvsCAN","Canberra","Away","Bendigo",60,67,-7,"Loss",22,64,34.4,5,18,27.8,11,13,84.6,32,18,50,8,25,6,3,1,18,15,6,6,2,15,28,77,77.9,87,-9.09999999999999,0.9,42.8,38.3,32.5,20.3,51.4,75,89.3,80,9.3,1.12,44.6,42.8,12,18.8,22
"2014 / 2015","2",2014-10-25,"1830","20141025-1830_DANvsSYD","Dandenong","Home","Sydney",78,81,-3,"Loss",29,75,38.7,5,15,33.3,15,19,78.9,27,13,40,14,9,4,1,3,20,16,5,15,1,7,18,79,98.7,102.5,-3.8,0.96,46.4,42,11.4,25.3,32.5,80,101.2,97.5,3.7,1.04,46.2,41.7,12.5,45.8,38.6
"2014 / 2015","2",2014-10-25,"1830","20141025-1830_DANvsSYD","Sydney","Away","Dandenong",81,78,3,"Win",26,72,36.1,8,21,38.1,21,33,63.6,27,17,44,21,10,2,3,1,15,19,5,10,3,22,24,80,101.2,97.5,3.7,1.04,46.2,41.7,12.5,45.8,38.6,79,98.7,102.5,-3.8,0.96,46.4,42,11.4,25.3,32.5
"2014 / 2015","2",2014-10-26,"1300","20141026-1300_MELvsBEN","Melbourne","Home","Bendigo",67,76,-9,"Loss",29,61,47.5,2,11,18.2,7,11,63.6,20,2,22,20,15,8,5,4,15,15,18,0,4,7,36,79,84.8,96.2,-11.4,0.88,50.6,49.2,19,18,7.4,74,102.7,90.5,12.2,1.13,57.1,52.5,25.7,27.1,35.5
"2014 / 2015","2",2014-10-26,"1300","20141026-1300_MELvsBEN","Bendigo","Away","Melbourne",76,67,9,"Win",29,59,49.2,4,8,50,14,16,87.5,25,11,36,18,19,4,4,5,15,15,10,9,4,13,24,74,102.7,90.5,12.2,1.13,57.1,52.5,25.7,27.1,35.5,79,84.8,96.2,-11.4,0.88,50.6,49.2,19,18,7.4
"2014 / 2015","3",2014-10-30,"1930","20141030-1930_BENvsDAN","Bendigo","Home","Dandenong",97,75,22,"Win",38,72,52.8,8,21,38.1,13,17,76.5,24,15,39,29,12,4,4,3,15,17,10,12,4,31,42,76,127.6,98.7,28.9,1.29,60.6,58.3,15.8,23.6,44.1,76,98.7,127.6,-28.9,0.77,50.6,46.3,14.5,19.1,27.3
"2014 / 2015","3",2014-10-30,"1930","20141030-1930_BENvsDAN","Dandenong","Away","Bendigo",75,97,-22,"Loss",30,68,44.1,3,13,23.1,12,13,92.3,19,9,28,17,11,5,3,4,17,15,15,4,0,17,28,76,98.7,127.6,-28.9,0.77,50.6,46.3,14.5,19.1,27.3,76,127.6,98.7,28.9,1.29,60.6,58.3,15.8,23.6,44.1
"2014 / 2015","3",2014-10-31,"1900","20141031-1900_TSVvsADL","Townsville","Home","Adelaide",86,60,26,"Win",32,75,42.7,6,14,42.9,16,26,61.5,34,19,53,17,14,8,5,2,9,18,14,10,0,13,38,81,106.2,74.1,32.1,1.43,49.2,46.7,17.3,34.7,42.2,81,74.1,106.2,-32.1,0.7,41.5,40.7,19.8,7.1,17.1
"2014 / 2015","3",2014-10-31,"1900","20141031-1900_TSVvsADL","Adelaide","Away","Townsville",60,86,-26,"Loss",26,70,37.1,5,16,31.2,3,5,60,26,7,33,13,16,3,2,5,18,9,6,11,0,30,26,81,74.1,106.2,-32.1,0.7,41.5,40.7,19.8,7.1,17.1,81,106.2,74.1,32.1,1.43,49.2,46.7,17.3,34.7,42.2
"2014 / 2015","3",2014-11-01,"1500","20141101-1500_CANvsDAN","Canberra","Home","Dandenong",101,72,29,"Win",37,73,50.7,13,23,56.5,14,16,87.5,23,13,36,24,11,7,2,5,17,18,20,8,4,39,40,78,129.5,92.3,37.2,1.4,62.7,59.6,14.1,21.9,48.1,74,97.3,136.5,-39.2,0.71,52.8,49.2,18.9,21,25.8
"2014 / 2015","3",2014-11-01,"1500","20141101-1500_CANvsDAN","Dandenong","Away","Canberra",72,101,-29,"Loss",28,62,45.2,5,12,41.7,11,13,84.6,14,8,22,15,14,3,5,2,19,17,12,10,0,21,26,74,97.3,136.5,-39.2,0.71,52.8,49.2,18.9,21,25.8,78,129.5,92.3,37.2,1.4,62.7,59.6,14.1,21.9,48.1
"2014 / 2015","3",2014-11-01,"1830","20141101-1830_WCWvsMEL","West Coast","Home","Melbourne",53,68,-15,"Loss",18,60,30,1,17,5.9,16,21,76.2,21,6,27,13,9,3,8,0,16,19,11,2,0,30,30,72,73.6,94.4,-20.8,0.78,37.9,30.8,12.5,35,15.8,76,89.5,69.7,19.8,1.28,44.5,43.2,18.4,6.8,40
"2014 / 2015","3",2014-11-01,"1830","20141101-1830_WCWvsMEL","Melbourne","Away","West Coast",68,53,15,"Win",29,74,39.2,6,15,40,4,5,80,32,14,46,16,14,3,0,8,20,16,4,8,0,9,34,76,89.5,69.7,19.8,1.28,44.5,43.2,18.4,6.8,40,72,73.6,94.4,-20.8,0.78,37.9,30.8,12.5,35,15.8
"2014 / 2015","4",2014-11-05,"1900","20141105-1900_SYDvsCAN","Sydney","Home","Canberra",76,60,16,"Win",28,64,43.8,4,10,40,16,22,72.7,30,12,42,9,9,5,3,0,20,17,2,15,0,27,24,71,107,84.5,22.5,1.27,51,46.9,12.7,34.4,36.4,72,83.3,105.6,-22.3,0.79,40.4,39,16.7,19.1,31.8
"2014 / 2015","4",2014-11-05,"1900","20141105-1900_SYDvsCAN","Canberra","Away","Sydney",60,76,-16,"Loss",23,68,33.8,7,20,35,7,13,53.8,21,14,35,14,12,1,0,3,17,20,4,8,0,6,22,72,83.3,105.6,-22.3,0.79,40.4,39,16.7,19.1,31.8,71,107,84.5,22.5,1.27,51,46.9,12.7,34.4,36.4
"2014 / 2015","4",2014-11-07,"1930","20141107-1930_WCWvsBEN","West Coast","Home","Bendigo",72,61,11,"Win",27,59,45.8,10,23,43.5,8,13,61.5,20,5,25,18,15,5,8,5,21,17,15,2,0,26,26,75,96,81.3,14.7,1.18,55.2,54.2,20,22,18.5,74,82.4,97.3,-14.9,0.85,40.1,35.3,17.6,25,41.2
"2014 / 2015","4",2014-11-07,"1930","20141107-1930_WCWvsBEN","Bendigo","Away","West Coast",61,72,-11,"Loss",22,68,32.4,4,23,17.4,13,17,76.5,22,14,36,18,13,3,5,8,18,20,17,11,4,29,26,74,82.4,97.3,-14.9,0.85,40.1,35.3,17.6,25,41.2,75,96,81.3,14.7,1.18,55.2,54.2,20,22,18.5
"2014 / 2015","4",2014-11-08,"1500","20141108-1500_DANvsTSV","Dandenong","Home","Townsville",79,72,7,"Win",32,71,45.1,7,20,35,8,8,100,27,5,32,17,16,7,5,2,18,10,18,4,2,15,30,86,91.9,83.7,8.2,1.1,52.8,50,18.6,11.3,15.6,87,82.8,90.8,-8,0.91,47.2,43.7,24.1,15.5,27
"2014 / 2015","4",2014-11-08,"1500","20141108-1500_DANvsTSV","Townsville","Away","Dandenong",72,79,-7,"Loss",30,71,42.3,2,12,16.7,10,11,90.9,27,10,37,14,21,5,2,5,10,18,19,8,4,22,44,87,82.8,90.8,-8,0.91,47.2,43.7,24.1,15.5,27,86,91.9,83.7,8.2,1.1,52.8,50,18.6,11.3,15.6
"2014 / 2015","4",2014-11-09,"1300","20141109-1300_CANvsWCW","Canberra","Home","West Coast",64,54,10,"Win",22,64,34.4,5,20,25,15,22,68.2,33,14,47,13,18,7,3,6,19,23,6,7,6,9,28,78,82.1,69.2,12.9,1.19,43,38.3,23.1,34.4,36.8,80,67.5,80,-12.5,0.84,39.3,36.5,21.2,19,13.2
"2014 / 2015","4",2014-11-09,"1300","20141109-1300_CANvsWCW","West Coast","Away","Canberra",54,64,-10,"Loss",21,63,33.3,4,19,21.1,8,12,66.7,24,5,29,7,17,5,6,3,23,19,16,7,0,11,22,80,67.5,80,-12.5,0.84,39.3,36.5,21.2,19,13.2,78,82.1,69.2,12.9,1.19,43,38.3,23.1,34.4,36.8
"2014 / 2015","4",2014-11-09,"1300","20141109-1300_MELvsDAN","Melbourne","Home","Dandenong",93,77,16,"Win",40,71,56.3,6,16,37.5,7,9,77.8,20,11,31,24,12,8,5,2,10,17,15,8,2,10,48,76,122.4,101.3,21.1,1.21,61.8,60.6,15.8,12.7,40.7,75,102.7,124,-21.3,0.83,59,56.6,25.3,14.8,31
"2014 / 2015","4",2014-11-09,"1300","20141109-1300_MELvsDAN","Dandenong","Away","Melbourne",77,93,-16,"Loss",32,61,52.5,5,9,55.6,8,9,88.9,16,9,25,16,19,4,2,5,17,10,14,8,0,12,34,75,102.7,124,-21.3,0.83,59,56.6,25.3,14.8,31,76,122.4,101.3,21.1,1.21,61.8,60.6,15.8,12.7,40.7
"2014 / 2015","4",2014-11-09,"1400","20141109-1400_ADLvsBEN","Adelaide","Home","Bendigo",33,76,-43,"Loss",13,63,20.6,1,16,6.2,6,14,42.9,24,12,36,7,15,3,7,3,17,14,5,0,0,20,10,72,45.8,105.6,-59.8,0.43,23.7,21.4,20.8,22.2,26.1,71,107,46.5,60.5,2.3,48.8,44.6,15.5,41.5,41.5
"2014 / 2015","4",2014-11-09,"1400","20141109-1400_ADLvsBEN","Bendigo","Away","Adelaide",76,33,43,"Win",24,65,36.9,10,17,58.8,18,27,66.7,34,17,51,19,11,9,3,7,14,17,14,11,0,34,18,71,107,46.5,60.5,2.3,48.8,44.6,15.5,41.5,41.5,72,45.8,105.6,-59.8,0.43,23.7,21.4,20.8,22.2,26.1
"2014 / 2015","5",2014-11-14,"1200","20141114-1200_WCWvsCAN","West Coast","Home","Canberra",70,68,2,"Win",28,66,42.4,3,16,18.8,11,13,84.6,23,12,35,12,16,3,4,3,14,18,9,12,0,10,38,76,92.1,89.5,2.59999999999999,1.03,48.5,44.7,21.1,19.7,42.9,69,98.6,101.4,-2.80000000000001,0.97,51.8,50,14.5,23.7,20.7
"2014 / 2015","5",2014-11-14,"1200","20141114-1200_WCWvsCAN","Canberra","Away","West Coast",68,70,-2,"Loss",26,59,44.1,7,13,53.8,9,14,64.3,16,6,22,11,10,6,3,4,18,14,10,4,2,32,28,69,98.6,101.4,-2.80000000000001,0.97,51.8,50,14.5,23.7,20.7,76,92.1,89.5,2.59999999999999,1.03,48.5,44.7,21.1,19.7,42.9
"2014 / 2015","5",2014-11-14,"1900","20141114-1900_SYDvsMEL","Sydney","Home","Melbourne",90,78,12,"Win",33,61,54.1,8,15,53.3,16,25,64,22,10,32,21,14,7,4,3,25,24,11,8,0,34,36,76,118.4,102.6,15.8,1.15,61.7,60.7,18.4,41,33.3,79,98.7,113.9,-15.2,0.87,52.1,47.6,20.3,39.7,33.3
"2014 / 2015","5",2014-11-14,"1900","20141114-1900_SYDvsMEL","Melbourne","Away","Sydney",78,90,-12,"Loss",28,63,44.4,4,11,36.4,18,25,72,20,11,31,16,16,5,3,4,24,25,6,8,0,7,30,79,98.7,113.9,-15.2,0.87,52.1,47.6,20.3,39.7,33.3,76,118.4,102.6,15.8,1.15,61.7,60.7,18.4,41,33.3
"2014 / 2015","5",2014-11-15,"1700","20141115-1700_ADLvsSYD","Adelaide","Home","Sydney",59,78,-19,"Loss",24,68,35.3,4,16,25,7,12,58.3,25,7,32,20,17,5,3,8,16,15,13,4,0,9,28,83,71.1,94,-22.9,0.76,40,38.2,20.5,17.6,18.9,81,96.3,72.8,23.5,1.32,53.4,50.8,19.8,26.2,21.9
"2014 / 2015","5",2014-11-15,"1700","20141115-1700_ADLvsSYD","Sydney","Away","Adelaide",78,59,19,"Win",29,65,44.6,8,20,40,12,17,70.6,30,7,37,17,16,4,8,3,15,16,13,7,0,30,30,81,96.3,72.8,23.5,1.32,53.4,50.8,19.8,26.2,21.9,83,71.1,94,-22.9,0.76,40,38.2,20.5,17.6,18.9
"2014 / 2015","5",2014-11-15,"1900","20141115-1900_TSVvsMEL","Townsville","Home","Melbourne",75,52,23,"Win",29,70,41.4,4,12,33.3,13,16,81.2,31,11,42,19,15,8,2,6,11,12,19,4,2,23,36,81,92.6,64.2,28.4,1.44,48.3,44.3,18.5,22.9,31.4,77,67.5,97.4,-29.9,0.69,41,41.1,24.7,4.8,13.9
"2014 / 2015","5",2014-11-15,"1900","20141115-1900_TSVvsMEL","Melbourne","Away","Townsville",52,75,-23,"Loss",23,62,37.1,5,9,55.6,1,3,33.3,24,5,29,15,19,5,5,2,12,11,12,5,0,19,22,77,67.5,97.4,-29.9,0.69,41,41.1,24.7,4.8,13.9,81,92.6,64.2,28.4,1.44,48.3,44.3,18.5,22.9,31.4
"2014 / 2015","5",2014-11-16,"1400","20141116-1400_DANvsBEN","Dandenong","Home","Bendigo",75,89,-14,"Loss",28,74,37.8,5,13,38.5,14,17,82.4,25,11,36,20,11,7,4,2,18,16,6,8,0,24,30,81,92.6,109.9,-17.3,0.84,45.7,41.2,13.6,23,23.9,84,106,89.3,16.7,1.19,56.4,52.2,15.5,33.8,21.9
"2014 / 2015","5",2014-11-16,"1400","20141116-1400_DANvsBEN","Bendigo","Away","Dandenong",89,75,14,"Win",32,68,47.1,7,19,36.8,18,23,78.3,35,7,42,23,13,4,2,4,16,18,16,7,4,27,32,84,106,89.3,16.7,1.19,56.4,52.2,15.5,33.8,21.9,81,92.6,109.9,-17.3,0.84,45.7,41.2,13.6,23,23.9
"2014 / 2015","6",2014-11-21,"1700","20141121-1700_ADLvsTSV","Adelaide","Home","Townsville",53,71,-18,"Loss",21,66,31.8,6,16,37.5,5,10,50,23,16,39,11,19,4,5,1,18,14,4,10,0,20,26,73,72.6,97.3,-24.7,0.75,37.5,36.4,26,15.2,37.2,77,92.2,68.8,23.4,1.34,47.7,39.8,19.5,34.4,34.3
"2014 / 2015","6",2014-11-21,"1700","20141121-1700_ADLvsTSV","Townsville","Away","Adelaide",71,53,18,"Win",24,64,37.5,3,11,27.3,20,22,90.9,27,12,39,13,15,9,1,5,14,18,11,2,0,22,30,77,92.2,68.8,23.4,1.34,47.7,39.8,19.5,34.4,34.3,73,72.6,97.3,-24.7,0.75,37.5,36.4,26,15.2,37.2
"2014 / 2015","6",2014-11-22,"1500","20141122-1500_MELvsADL","Melbourne","Home","Adelaide",78,61,17,"Win",32,74,43.2,5,12,41.7,9,14,64.3,21,18,39,16,10,4,0,3,16,18,15,18,0,6,38,72,108.3,84.7,23.6,1.28,48.4,46.6,13.9,18.9,47.4,70,87.1,111.4,-24.3,0.78,44.4,41.4,21.4,15.6,38.2
"2014 / 2015","6",2014-11-22,"1500","20141122-1500_MELvsADL","Adelaide","Away","Melbourne",61,78,-17,"Loss",25,64,39.1,3,17,17.6,8,10,80,20,13,33,16,15,3,3,0,18,16,10,8,0,11,30,70,87.1,111.4,-24.3,0.78,44.4,41.4,21.4,15.6,38.2,72,108.3,84.7,23.6,1.28,48.4,46.6,13.9,18.9,47.4
"2014 / 2015","6",2014-11-22,"1830","20141122-1830_DANvsCAN","Dandenong","Home","Canberra",92,72,20,"Win",37,77,48.1,6,9,66.7,12,13,92.3,23,13,36,17,12,10,5,1,20,17,17,13,2,17,42,82,112.2,87.8,24.4,1.28,55.3,51.9,14.6,16.9,38.2,78,92.3,117.9,-25.6,0.78,53.7,53.4,25.6,28.8,25.8
"2014 / 2015","6",2014-11-22,"1830","20141122-1830_DANvsCAN","Canberra","Away","Dandenong",72,92,-20,"Loss",28,59,47.5,7,16,43.8,9,17,52.9,21,8,29,18,20,1,1,5,17,20,14,4,2,11,30,78,92.3,117.9,-25.6,0.78,53.7,53.4,25.6,28.8,25.8,82,112.2,87.8,24.4,1.28,55.3,51.9,14.6,16.9,38.2
"2014 / 2015","6",2014-11-22,"1930","20141122-1930_WCWvsSYD","West Coast","Home","Sydney",79,77,2,"Win",25,57,43.9,6,15,40,23,30,76.7,26,8,34,16,16,7,2,1,16,23,14,5,0,12,28,78,101.3,98.7,2.59999999999999,1.03,55.4,49.1,20.5,52.6,25.8,81,95.1,97.5,-2.40000000000001,0.98,50.3,47.8,19.8,23.2,29.7
"2014 / 2015","6",2014-11-22,"1930","20141122-1930_WCWvsSYD","Sydney","Away","West Coast",77,79,-2,"Loss",28,69,40.6,10,25,40,11,16,68.8,23,11,34,14,16,8,1,2,24,16,17,11,0,20,28,81,95.1,97.5,-2.40000000000001,0.98,50.3,47.8,19.8,23.2,29.7,78,101.3,98.7,2.59999999999999,1.03,55.4,49.1,20.5,52.6,25.8
"2014 / 2015","7",2014-11-28,"1900","20141128-1900_SYDvsADL","Sydney","Home","Adelaide",66,54,12,"Win",21,60,35,6,18,33.3,18,24,75,22,12,34,14,11,11,2,3,19,18,10,8,0,28,22,70,94.3,77.1,17.2,1.22,46.2,40,15.7,40,30.8,72,75,91.7,-16.7,0.82,46.8,44.1,29.2,27.5,21.4
"2014 / 2015","7",2014-11-28,"1900","20141128-1900_SYDvsADL","Adelaide","Away","Sydney",54,66,-12,"Loss",21,51,41.2,3,17,17.6,9,14,64.3,27,6,33,15,21,2,3,2,18,19,2,6,0,9,22,72,75,91.7,-16.7,0.82,46.8,44.1,29.2,27.5,21.4,70,94.3,77.1,17.2,1.22,46.2,40,15.7,40,30.8
"2014 / 2015","7",2014-11-29,"1500","20141129-1500_BENvsMEL","Bendigo","Home","Melbourne",70,73,-3,"Loss",28,67,41.8,3,14,21.4,11,15,73.3,25,12,37,16,16,8,1,5,20,17,20,10,2,19,36,78,89.7,93.6,-3.89999999999999,0.96,47.2,44,20.5,22.4,31.6,76,96.1,92.1,4,1.04,53.3,50,18.4,33.9,19.4
"2014 / 2015","7",2014-11-29,"1500","20141129-1500_BENvsMEL","Melbourne","Away","Bendigo",73,70,3,"Win",27,59,45.8,5,13,38.5,14,20,70,26,6,32,14,14,5,5,1,17,20,8,4,4,19,26,76,96.1,92.1,4,1.04,53.3,50,18.4,33.9,19.4,78,89.7,93.6,-3.89999999999999,0.96,47.2,44,20.5,22.4,31.6
"2014 / 2015","7",2014-11-29,"1900","20141129-1900_CANvsADL","Canberra","Home","Adelaide",76,60,16,"Win",24,60,40,8,15,53.3,20,29,69,29,14,43,14,14,4,1,3,14,24,9,14,0,13,26,73,104.1,82.2,21.9,1.27,51.5,46.7,19.2,48.3,45.2,71,84.5,107,-22.5,0.79,45.3,42.6,16.9,18,19.4
"2014 / 2015","7",2014-11-29,"1900","20141129-1900_CANvsADL","Adelaide","Away","Canberra",60,76,-16,"Loss",23,61,37.7,6,21,28.6,8,11,72.7,17,7,24,10,12,5,3,1,24,14,14,2,2,28,32,71,84.5,107,-22.5,0.79,45.3,42.6,16.9,18,19.4,73,104.1,82.2,21.9,1.27,51.5,46.7,19.2,48.3,45.2
"2014 / 2015","7",2014-11-29,"1900","20141129-1900_TSVvsWCW","Townsville","Home","West Coast",83,46,37,"Win",34,75,45.3,9,21,42.9,6,8,75,32,17,49,18,12,5,6,3,12,15,18,17,0,43,36,74,112.2,62.2,50,1.8,52.7,51.3,16.2,10.7,44.7,71,64.8,116.9,-52.1,0.55,36.1,33.6,22.5,20.7,20
"2014 / 2015","7",2014-11-29,"1900","20141129-1900_TSVvsWCW","West Coast","Away","Townsville",46,83,-37,"Loss",16,58,27.6,7,14,50,7,12,58.3,21,8,29,8,16,6,3,6,15,12,3,2,0,11,16,71,64.8,116.9,-52.1,0.55,36.1,33.6,22.5,20.7,20,74,112.2,62.2,50,1.8,52.7,51.3,16.2,10.7,44.7
"2014 / 2015","7",2014-11-30,"1300","20141130-1300_MELvsSYD","Melbourne","Home","Sydney",83,77,6,"Win",31,70,44.3,8,17,47.1,13,19,68.4,27,11,38,17,12,3,4,7,13,20,10,14,2,24,16,79,105.1,97.5,7.59999999999999,1.08,52.5,50,15.2,27.1,34.4,73,105.5,113.7,-8.2,0.93,49,45.1,9.6,19.4,30.8
"2014 / 2015","7",2014-11-30,"1300","20141130-1300_MELvsSYD","Sydney","Away","Melbourne",77,83,-6,"Loss",30,72,41.7,5,17,29.4,12,14,85.7,21,12,33,17,7,6,7,4,20,13,15,8,2,25,24,73,105.5,113.7,-8.2,0.93,49,45.1,9.6,19.4,30.8,79,105.1,97.5,7.59999999999999,1.08,52.5,50,15.2,27.1,34.4
"2014 / 2015","8",2014-12-05,"1900","20141205-1900_SYDvsBEN","Sydney","Home","Bendigo",74,85,-11,"Loss",27,66,40.9,6,18,33.3,14,20,70,23,10,33,15,15,11,1,2,20,18,16,7,0,10,22,80,92.5,106.2,-13.7,0.87,49,45.5,18.8,30.3,27.8,84,101.2,88.1,13.1,1.15,58.3,52.4,21.4,37.1,20.7
"2014 / 2015","8",2014-12-05,"1900","20141205-1900_SYDvsBEN","Bendigo","Away","Sydney",85,74,11,"Win",30,62,48.4,5,15,33.3,20,23,87,26,6,32,16,18,5,2,1,18,20,13,4,0,3,36,84,101.2,88.1,13.1,1.15,58.3,52.4,21.4,37.1,20.7,80,92.5,106.2,-13.7,0.87,49,45.5,18.8,30.3,27.8
"2014 / 2015","8",2014-12-05,"1930","20141205-1930_DANvsWCW","Dandenong","Home","West Coast",97,80,17,"Win",38,71,53.5,10,16,62.5,11,16,68.8,20,8,28,21,13,8,3,1,15,13,24,8,6,19,40,83,116.9,96.4,20.5,1.21,61.7,60.6,15.7,22.5,26.7,78,102.6,124.4,-21.8,0.82,58.2,57.8,28.2,15.6,37.5
"2014 / 2015","8",2014-12-05,"1930","20141205-1930_DANvsWCW","West Coast","Away","Dandenong",80,97,-17,"Loss",32,64,50,10,22,45.5,6,10,60,22,12,34,15,22,3,1,2,13,15,18,7,6,34,32,78,102.6,124.4,-21.8,0.82,58.2,57.8,28.2,15.6,37.5,83,116.9,96.4,20.5,1.21,61.7,60.6,15.7,22.5,26.7
"2014 / 2015","8",2014-12-06,"1500","20141206-1500_MELvsWCW","Melbourne","Home","West Coast",23,84,-61,"Loss",1,31,3.2,42.5,5,850,29.4,20,147,74.1,29,14,43,15,10,4,3,1,26,87,6,14,2,17,26,88.5,323.1,-234.6,0.27,28.4,71.8,57.7,64.5,25.4,17,152.9,511.8,-358.9,0.3,34.3,73.1,47.1,85.2,27.4
"2014 / 2015","8",2014-12-06,"1500","20141206-1500_MELvsWCW","West Coast","Away","Melbourne",26,87,-61,"Loss",1,27,3.7,37.5,7,535.7,36.8,23,160,85.2,28,13,41,8,12,1,1,3,23,84,9,9,0,33,17,152.9,511.8,-358.9,0.3,34.3,73.1,47.1,85.2,27.4,26,88.5,323.1,-234.6,0.27,28.4,71.8,57.7,64.5,25.4
"2014 / 2015","8",2014-12-06,"1930","20141206-1930_BENvsADL","Bendigo","Home","Adelaide",81,55,26,"Win",29,60,48.3,7,14,50,16,18,88.9,25,9,34,19,15,8,3,3,17,19,16,11,6,26,32,74,109.5,74.3,35.2,1.47,59.1,54.2,20.3,30,32.1,71,77.5,114.1,-36.6,0.68,41.9,35.6,22.5,23.7,28.6
"2014 / 2015","8",2014-12-06,"1930","20141206-1930_BENvsADL","Adelaide","Away","Bendigo",55,81,-26,"Loss",19,59,32.2,4,25,16,13,14,92.9,19,10,29,14,16,8,3,3,19,17,4,6,0,11,18,71,77.5,114.1,-36.6,0.68,41.9,35.6,22.5,23.7,28.6,74,109.5,74.3,35.2,1.47,59.1,54.2,20.3,30,32.1
"2014 / 2015","8",2014-12-07,"1300","20141207-1300_CANvsMEL","Canberra","Home","Melbourne",59,74,-15,"Loss",22,72,30.6,3,13,23.1,12,16,75,26,14,40,13,15,6,3,3,26,17,6,9,2,10,30,80,73.8,92.5,-18.7,0.8,37.1,32.6,18.8,22.2,31.8,76,97.4,77.6,19.8,1.26,50.8,47.5,14.5,45,21.2
"2014 / 2015","8",2014-12-07,"1300","20141207-1300_CANvsMEL","Melbourne","Away","Canberra",74,59,15,"Win",28,60,46.7,1,5,20,17,27,63,30,7,37,16,11,5,3,3,17,26,12,2,2,21,38,76,97.4,77.6,19.8,1.26,50.8,47.5,14.5,45,21.2,80,73.8,92.5,-18.7,0.8,37.1,32.6,18.8,22.2,31.8
"2014 / 2015","8",2014-12-07,"1300","20141207-1300_TSVvsDAN","Townsville","Home","Dandenong",91,57,34,"Win",36,70,51.4,5,17,29.4,14,20,70,41,8,49,26,15,7,0,1,13,21,20,4,0,27,42,86,105.8,66.3,39.5,1.6,57.2,55,17.4,28.6,25,85,67.1,107.1,-40,0.63,34,30.4,17.6,12.7,24.1
"2014 / 2015","8",2014-12-07,"1300","20141207-1300_TSVvsDAN","Dandenong","Away","Townsville",57,91,-34,"Loss",23,79,29.1,2,13,15.4,9,10,90,24,13,37,11,15,7,1,0,20,13,7,9,0,5,28,85,67.1,107.1,-40,0.63,34,30.4,17.6,12.7,24.1,86,105.8,66.3,39.5,1.6,57.2,55,17.4,28.6,25
"2014 / 2015","9",2014-12-12,"1700","20141212-1700_ADLvsMEL","Adelaide","Home","Melbourne",59,73,-14,"Loss",24,58,41.4,5,20,25,6,12,50,23,7,30,18,11,3,2,4,21,13,6,7,0,19,32,67,88.1,109,-20.9,0.81,46.3,45.7,16.4,20.7,21.2,69,105.8,85.5,20.3,1.24,53.7,49.2,17.4,32.2,30.3
"2014 / 2015","9",2014-12-12,"1700","20141212-1700_ADLvsMEL","Melbourne","Away","Adelaide",73,59,14,"Win",26,59,44.1,6,14,42.9,15,19,78.9,26,10,36,12,12,4,4,2,13,21,13,6,2,16,32,69,105.8,85.5,20.3,1.24,53.7,49.2,17.4,32.2,30.3,67,88.1,109,-20.9,0.81,46.3,45.7,16.4,20.7,21.2
"2014 / 2015","9",2014-12-12,"1930","20141212-1930_WCWvsDAN","West Coast","Home","Dandenong",77,86,-9,"Loss",29,67,43.3,9,24,37.5,10,13,76.9,14,17,31,19,17,3,0,4,14,21,24,19,0,32,20,73,105.5,117.8,-12.3,0.9,52.6,50,23.3,19.4,45.9,71,121.1,108.5,12.6,1.12,66.8,64.8,21.1,11.5,36.4
"2014 / 2015","9",2014-12-12,"1930","20141212-1930_WCWvsDAN","Dandenong","Away","West Coast",86,77,9,"Win",35,61,57.4,9,16,56.2,7,7,100,20,8,28,17,15,2,4,0,22,13,16,9,0,8,30,71,121.1,108.5,12.6,1.12,66.8,64.8,21.1,11.5,36.4,73,105.5,117.8,-12.3,0.9,52.6,50,23.3,19.4,45.9
"2014 / 2015","9",2014-12-13,"1300","20141213-1300_SYDvsTSV","Sydney","Home","Townsville",86,93,-7,"Loss",31,69,44.9,9,19,47.4,15,17,88.2,18,10,28,13,13,10,2,8,17,16,15,14,0,32,30,79,108.9,117.7,-8.8,0.93,55.8,51.4,16.5,24.6,27.8,80,116.2,107.5,8.7,1.08,59.7,55.3,22.5,37.9,45.5
"2014 / 2015","9",2014-12-13,"1300","20141213-1300_SYDvsTSV","Townsville","Away","Sydney",93,86,7,"Win",33,66,50,7,13,53.8,20,25,80,26,15,41,21,18,6,8,1,16,17,14,6,0,21,48,80,116.2,107.5,8.7,1.08,59.7,55.3,22.5,37.9,45.5,79,108.9,117.7,-8.8,0.93,55.8,51.4,16.5,24.6,27.8
"2014 / 2015","9",2014-12-13,"1930","20141213-1930_MELvsBEN","Melbourne","Home","Bendigo",66,78,-12,"Loss",27,65,41.5,2,12,16.7,10,12,83.3,20,10,30,11,15,6,4,4,20,16,8,6,0,9,40,75,88,104,-16,0.85,46.7,43.1,20,18.5,28.6,75,104,88,16,1.18,48.2,42.3,13.3,29.6,42.9
"2014 / 2015","9",2014-12-13,"1930","20141213-1930_MELvsBEN","Bendigo","Away","Melbourne",78,66,12,"Win",28,71,39.4,4,12,33.3,18,21,85.7,25,15,40,15,10,8,4,4,16,20,19,12,0,12,28,75,104,88,16,1.18,48.2,42.3,13.3,29.6,42.9,75,88,104,-16,0.85,46.7,43.1,20,18.5,28.6
"2014 / 2015","9",2014-12-14,"1500","20141214-1500_CANvsTSV","Canberra","Home","Townsville",81,92,-11,"Loss",28,68,41.2,5,13,38.5,20,21,95.2,22,10,32,16,13,7,1,4,19,21,11,9,0,16,38,80,101.2,115,-13.8,0.88,51.9,44.9,16.2,30.9,27.8,84,109.5,96.4,13.1,1.14,53.1,50.6,14.3,20.3,38.9
"2014 / 2015","9",2014-12-14,"1500","20141214-1500_CANvsTSV","Townsville","Away","Canberra",92,81,11,"Win",38,79,48.1,4,14,28.6,12,16,75,26,14,40,15,12,6,4,0,21,19,15,14,4,20,62,84,109.5,96.4,13.1,1.14,53.1,50.6,14.3,20.3,38.9,80,101.2,115,-13.8,0.88,51.9,44.9,16.2,30.9,27.8
"2014 / 2015","10",2014-12-19,"1700","20141219-1700_ADLvsCAN","Adelaide","Home","Canberra",70,73,-3,"Loss",25,62,40.3,7,19,36.8,13,15,86.7,22,8,30,17,14,6,1,0,24,18,13,8,0,27,30,75,93.3,97.3,-4,0.96,50.6,46,18.7,24.2,24.2,78,93.6,89.7,3.89999999999999,1.04,50.2,43.2,24.4,49.2,37.1
"2014 / 2015","10",2014-12-19,"1700","20141219-1700_ADLvsCAN","Canberra","Away","Adelaide",73,70,3,"Win",23,59,39,5,15,33.3,22,29,75.9,25,13,38,12,19,5,0,1,19,24,6,11,0,18,24,78,93.6,89.7,3.89999999999999,1.04,50.2,43.2,24.4,49.2,37.1,75,93.3,97.3,-4,0.96,50.6,46,18.7,24.2,24.2
"2014 / 2015","10",2014-12-19,"1930","20141219-1930_BENvsSYD","Bendigo","Home","Sydney",60,67,-7,"Loss",25,62,40.3,2,9,22.2,8,13,61.5,37,6,43,11,17,4,6,1,20,14,9,2,2,9,36,79,75.9,84.8,-8.89999999999999,0.9,44,41.9,21.5,21,18.8,81,82.7,74.1,8.60000000000001,1.12,43.5,38.8,11.1,31.3,9.8
"2014 / 2015","10",2014-12-19,"1930","20141219-1930_BENvsSYD","Sydney","Away","Bendigo",67,60,7,"Win",23,67,34.3,6,19,31.6,15,21,71.4,26,4,30,14,9,5,1,6,14,20,13,4,0,21,28,81,82.7,74.1,8.60000000000001,1.12,43.5,38.8,11.1,31.3,9.8,79,75.9,84.8,-8.89999999999999,0.9,44,41.9,21.5,21,18.8
"2014 / 2015","10",2014-12-20,"1500","20141220-1500_DANvsSYD","Dandenong","Home","Sydney",91,72,19,"Win",37,77,48.1,9,17,52.9,8,9,88.9,25,17,42,15,15,3,5,4,13,10,15,18,4,7,30,79,115.2,91.1,24.1,1.26,56,53.9,19,11.7,48.6,78,92.3,116.7,-24.4,0.79,50.2,47.7,17.9,21.5,21.9
"2014 / 2015","10",2014-12-20,"1500","20141220-1500_DANvsSYD","Sydney","Away","Dandenong",72,91,-19,"Loss",30,65,46.2,2,10,20,10,14,71.4,18,7,25,17,14,2,4,5,10,13,13,2,0,26,32,78,92.3,116.7,-24.4,0.79,50.2,47.7,17.9,21.5,21.9,79,115.2,91.1,24.1,1.26,56,53.9,19,11.7,48.6
"2014 / 2015","10",2014-12-20,"1830","20141220-1830_WCWvsCAN","West Coast","Home","Canberra",70,83,-13,"Loss",30,70,42.9,4,17,23.5,6,6,100,20,12,32,9,17,11,4,5,17,15,22,14,0,26,38,78,89.7,106.4,-16.7,0.84,48,45.7,21.8,8.6,34.3,77,107.8,90.9,16.9,1.19,54.9,52.9,18.2,20.3,37.5
"2014 / 2015","10",2014-12-20,"1830","20141220-1830_WCWvsCAN","Canberra","Away","West Coast",83,70,13,"Win",31,69,44.9,11,24,45.8,10,14,71.4,23,12,35,25,14,8,5,4,15,17,23,10,0,21,26,77,107.8,90.9,16.9,1.19,54.9,52.9,18.2,20.3,37.5,78,89.7,106.4,-16.7,0.84,48,45.7,21.8,8.6,34.3
"2014 / 2015","10",2014-12-20,"1900","20141220-1900_TSVvsMEL","Townsville","Home","Melbourne",88,75,13,"Win",31,68,45.6,3,10,30,23,30,76.7,23,14,37,17,13,5,6,0,14,22,21,10,0,11,48,80,110,93.8,16.2,1.17,53.5,47.8,16.2,44.1,37.8,82,91.5,107.3,-15.8,0.85,54.5,52.3,23.2,12.3,20.7
"2014 / 2015","10",2014-12-20,"1900","20141220-1900_TSVvsMEL","Melbourne","Away","Townsville",75,88,-13,"Loss",31,65,47.7,6,14,42.9,7,8,87.5,23,6,29,7,19,0,0,6,22,13,4,8,0,19,42,82,91.5,107.3,-15.8,0.85,54.5,52.3,23.2,12.3,20.7,80,110,93.8,16.2,1.17,53.5,47.8,16.2,44.1,37.8
"2014 / 2015","11",2015-01-02,"1900","20150102-1900_TSVvsCAN","Townsville","Home","Canberra",106,58,48,"Win",44,81,54.3,10,18,55.6,8,11,72.7,28,12,40,25,11,10,3,1,18,10,28,16,0,44,56,85,124.7,68.2,56.5,1.83,61.5,60.5,12.9,13.6,33.3,82,70.7,129.3,-58.6,0.55,41.1,32.8,26.8,32.8,26.3
"2014 / 2015","11",2015-01-02,"1900","20150102-1900_TSVvsCAN","Canberra","Away","Townsville",58,106,-48,"Loss",18,61,29.5,4,15,26.7,18,20,90,24,10,34,10,22,3,1,3,10,18,6,7,0,22,22,82,70.7,129.3,-58.6,0.55,41.1,32.8,26.8,32.8,26.3,85,124.7,68.2,56.5,1.83,61.5,60.5,12.9,13.6,33.3
"2014 / 2015","11",2015-01-03,"1500","20150103-1500_BENvsWCW","Bendigo","Home","West Coast",83,70,13,"Win",33,72,45.8,5,16,31.2,12,18,66.7,31,9,40,15,12,13,2,2,13,21,17,2,4,7,46,83,100,84.3,15.7,1.19,51.5,49.3,14.5,25,24.3,82,85.4,101.2,-15.8,0.84,49.4,47.8,24.4,11.9,22.5
"2014 / 2015","11",2015-01-03,"1500","20150103-1500_BENvsWCW","West Coast","Away","Bendigo",70,83,-13,"Loss",28,67,41.8,8,24,33.3,6,8,75,28,9,37,13,20,5,1,2,21,13,9,6,0,29,26,82,85.4,101.2,-15.8,0.84,49.4,47.8,24.4,11.9,22.5,83,100,84.3,15.7,1.19,51.5,49.3,14.5,25,24.3
"2014 / 2015","11",2015-01-03,"1500","20150103-1500_SYDvsDAN","Sydney","Home","Dandenong",78,93,-15,"Loss",32,66,48.5,2,12,16.7,12,20,60,26,6,32,19,14,5,4,6,15,18,12,8,0,16,38,83,94,112,-18,0.84,51.7,50,16.9,30.3,17.6,80,116.2,97.5,18.7,1.19,57,53.4,12.5,21.6,29.7
"2014 / 2015","11",2015-01-03,"1500","20150103-1500_SYDvsDAN","Dandenong","Away","Sydney",93,78,15,"Win",35,74,47.3,9,19,47.4,14,16,87.5,28,11,39,15,10,3,6,4,18,15,14,4,0,9,26,80,116.2,97.5,18.7,1.19,57,53.4,12.5,21.6,29.7,83,94,112,-18,0.84,51.7,50,16.9,30.3,17.6
"2014 / 2015","11",2015-01-04,"1100","20150104-1100_ADLvsWCW","Adelaide","Home","West Coast",78,61,17,"Win",29,68,42.6,8,20,40,12,16,75,35,15,50,21,19,4,1,1,17,17,18,4,0,25,38,79,98.7,77.2,21.5,1.28,51.6,48.5,24.1,23.5,41.7,81,75.3,96.3,-21,0.78,38.8,32.9,16,25.7,22.2
"2014 / 2015","11",2015-01-04,"1100","20150104-1100_ADLvsWCW","West Coast","Away","Adelaide",61,78,-17,"Loss",20,70,28.6,6,27,22.2,15,18,83.3,21,10,31,10,13,8,1,1,17,17,4,4,0,11,22,81,75.3,96.3,-21,0.78,38.8,32.9,16,25.7,22.2,79,98.7,77.2,21.5,1.28,51.6,48.5,24.1,23.5,41.7
"2014 / 2015","11",2015-01-04,"1300","20150104-1300_CANvsDAN","Canberra","Home","Dandenong",84,89,-5,"Loss",28,67,41.8,8,25,32,20,22,90.9,19,12,31,22,14,6,2,4,19,21,17,6,4,10,30,79,106.3,112.7,-6.40000000000001,0.94,54.2,47.8,17.7,32.8,36.4,75,118.7,112,6.7,1.06,61.9,58.2,17.3,37.7,32.1
"2014 / 2015","11",2015-01-04,"1300","20150104-1300_CANvsDAN","Dandenong","Away","Canberra",89,84,5,"Win",34,61,55.7,3,11,27.3,18,23,78.3,21,9,30,10,13,7,4,2,22,19,17,12,0,8,36,75,118.7,112,6.7,1.06,61.9,58.2,17.3,37.7,32.1,79,106.3,112.7,-6.40000000000001,0.94,54.2,47.8,17.7,32.8,36.4
"2014 / 2015","12",2015-01-09,"1900","20150109-1900_CANvsWCW","Canberra","Home","West Coast",87,52,35,"Win",34,70,48.6,7,21,33.3,12,18,66.7,38,10,48,18,14,7,3,3,21,21,9,10,2,33,44,82,106.1,63.4,42.7,1.67,55.4,53.6,17.1,25.7,29.4,83,62.7,104.8,-42.1,0.6,36.8,31,21.7,25.4,11.6
"2014 / 2015","12",2015-01-09,"1900","20150109-1900_CANvsWCW","West Coast","Away","Canberra",52,87,-35,"Loss",17,63,27,5,19,26.3,13,16,81.2,24,5,29,5,18,8,3,2,21,20,10,6,0,16,18,83,62.7,104.8,-42.1,0.6,36.8,31,21.7,25.4,11.6,82,106.1,63.4,42.7,1.67,55.4,53.6,17.1,25.7,29.4
"2014 / 2015","12",2015-01-10,"1500","20150110-1500_MELvsADL","Melbourne","Home","Adelaide",96,66,30,"Win",33,67,49.3,7,17,41.2,23,28,82.1,29,9,38,21,8,4,4,4,13,20,8,12,4,21,46,78,123.1,84.6,38.5,1.46,59.8,54.5,10.3,41.8,28.1,81,81.5,118.5,-37,0.69,40.1,37.7,14.8,14.3,31
"2014 / 2015","12",2015-01-10,"1500","20150110-1500_MELvsADL","Adelaide","Away","Melbourne",66,96,-30,"Loss",27,77,35.1,4,19,21.1,8,11,72.7,23,13,36,12,12,1,4,4,20,13,4,5,0,23,38,81,81.5,118.5,-37,0.69,40.1,37.7,14.8,14.3,31,78,123.1,84.6,38.5,1.46,59.8,54.5,10.3,41.8,28.1
"2014 / 2015","12",2015-01-10,"1900","20150110-1900_SYDvsWCW","Sydney","Home","West Coast",80,55,25,"Win",33,74,44.6,6,13,46.2,8,8,100,27,12,39,16,14,10,7,5,15,13,20,10,0,41,34,80,100,68.8,31.2,1.45,51.4,48.6,17.5,10.8,33.3,78,70.5,102.6,-32.1,0.69,40.1,33.9,24.4,22.6,25
"2014 / 2015","12",2015-01-10,"1900","20150110-1900_SYDvsWCW","West Coast","Away","Sydney",55,80,-25,"Loss",18,62,29,6,20,30,13,14,92.9,24,9,33,9,19,5,5,7,14,15,6,6,0,16,24,78,70.5,102.6,-32.1,0.69,40.1,33.9,24.4,22.6,25,80,100,68.8,31.2,1.45,51.4,48.6,17.5,10.8,33.3
"2014 / 2015","12",2015-01-10,"1900","20150110-1900_TSVvsDAN","Townsville","Home","Dandenong",87,92,-5,"Loss",35,77,45.5,4,19,21.1,13,15,86.7,30,8,38,22,15,2,4,3,15,18,10,4,0,19,46,91,95.6,101.1,-5.5,0.95,51.7,48.1,16.5,19.5,22.9,85,108.2,102.4,5.8,1.06,54.3,54.4,14.1,15.2,26.8
"2014 / 2015","12",2015-01-10,"1900","20150110-1900_TSVvsDAN","Dandenong","Away","Townsville",92,87,5,"Win",38,79,48.1,10,21,47.6,6,12,50,27,11,38,12,12,4,3,4,18,15,11,6,0,6,32,85,108.2,102.4,5.8,1.06,54.3,54.4,14.1,15.2,26.8,91,95.6,101.1,-5.5,0.95,51.7,48.1,16.5,19.5,22.9
"2014 / 2015","12",2015-01-11,"1400","20150111-1400_BENvsADL","Bendigo","Home","Adelaide",75,64,11,"Win",29,72,40.3,5,18,27.8,12,17,70.6,16,17,33,22,11,8,6,1,16,21,16,16,2,17,36,73,102.7,87.7,15,1.17,46.8,43.8,15.1,23.6,43.6,73,87.7,102.7,-15,0.85,52.8,46.3,24.7,25.9,23.8
"2014 / 2015","12",2015-01-11,"1400","20150111-1400_BENvsADL","Adelaide","Away","Bendigo",64,75,-11,"Loss",23,54,42.6,4,15,26.7,14,14,100,22,5,27,11,18,3,1,6,21,16,10,4,0,21,24,73,87.7,102.7,-15,0.85,52.8,46.3,24.7,25.9,23.8,73,102.7,87.7,15,1.17,46.8,43.8,15.1,23.6,43.6
"2014 / 2015","13",2015-01-15,"1900","20150115-1900_CANvsSYD","Canberra","Home","Sydney",69,66,3,"Win",24,64,37.5,6,19,31.6,15,22,68.2,30,8,38,13,9,4,3,2,18,23,7,4,0,6,24,75,92,88,4,1.05,46.3,42.2,12,34.4,21.6,72,91.7,95.8,-4.09999999999999,0.96,43.4,39.7,12.5,25,28.6
"2014 / 2015","13",2015-01-15,"1900","20150115-1900_CANvsSYD","Sydney","Away","Canberra",66,69,-3,"Loss",24,68,35.3,6,26,23.1,12,17,70.6,29,12,41,13,9,3,2,3,23,18,11,4,0,16,18,72,91.7,95.8,-4.09999999999999,0.96,43.4,39.7,12.5,25,28.6,75,92,88,4,1.05,46.3,42.2,12,34.4,21.6
"2014 / 2015","13",2015-01-16,"1930","20150116-1930_ADLvsTSV","Adelaide","Home","Townsville",75,98,-23,"Loss",28,67,41.8,6,19,31.6,13,14,92.9,26,8,34,11,19,4,0,3,17,17,10,2,0,20,32,84,89.3,116.7,-27.4,0.77,50.9,46.3,22.6,20.9,23.5,84,116.7,89.3,27.4,1.31,59.7,56.8,11.9,26,21.2
"2014 / 2015","13",2015-01-16,"1930","20150116-1930_ADLvsTSV","Townsville","Away","Adelaide",98,75,23,"Win",36,73,49.3,11,21,52.4,15,19,78.9,26,7,33,20,10,8,3,0,17,17,18,10,0,27,30,84,116.7,89.3,27.4,1.31,59.7,56.8,11.9,26,21.2,84,89.3,116.7,-27.4,0.77,50.9,46.3,22.6,20.9,23.5
"2014 / 2015","13",2015-01-16,"1930","20150116-1930_DANvsBEN","Dandenong","Home","Bendigo",89,82,7,"Win",37,76,48.7,4,14,28.6,11,11,100,26,10,36,17,13,5,4,4,21,17,8,4,6,12,46,84,106,97.6,8.40000000000001,1.09,54.8,51.3,15.5,14.5,28.6,82,100,108.5,-8.5,0.92,48.5,43.9,13.4,29.7,33.3
"2014 / 2015","13",2015-01-16,"1930","20150116-1930_DANvsBEN","Bendigo","Away","Dandenong",82,89,-7,"Loss",29,74,39.2,7,23,30.4,17,22,77.3,25,13,38,15,11,4,4,4,17,21,11,7,0,9,32,82,100,108.5,-8.5,0.92,48.5,43.9,13.4,29.7,33.3,84,106,97.6,8.40000000000001,1.09,54.8,51.3,15.5,14.5,28.6
"2014 / 2015","13",2015-01-17,"1500","20150117-1500_SYDvsMEL","Sydney","Home","Melbourne",88,73,15,"Win",32,63,50.8,11,18,61.1,13,15,86.7,18,8,26,15,15,10,7,1,15,13,21,8,0,24,32,77,114.3,94.8,19.5,1.21,62.7,59.5,19.5,23.8,25,77,94.8,114.3,-19.5,0.83,50.2,47.8,29.9,17.9,50
"2014 / 2015","13",2015-01-17,"1500","20150117-1500_SYDvsMEL","Melbourne","Away","Sydney",73,88,-15,"Loss",29,67,43.3,6,15,40,9,12,75,24,18,42,15,23,2,1,7,13,14,12,7,0,6,34,77,94.8,114.3,-19.5,0.83,50.2,47.8,29.9,17.9,50,77,114.3,94.8,19.5,1.21,62.7,59.5,19.5,23.8,25
"2014 / 2015","13",2015-01-18,"1500","20150118-1500_WCWvsTSV","West Coast","Home","Townsville",72,92,-20,"Loss",29,65,44.6,7,19,36.8,7,13,53.8,24,6,30,11,14,3,1,4,11,22,5,4,0,23,34,79,91.1,116.5,-25.4,0.78,50.6,50,17.7,20,17.6,79,116.5,91.1,25.4,1.28,58.8,58.1,12.7,12.2,27.3
"2014 / 2015","13",2015-01-18,"1500","20150118-1500_WCWvsTSV","Townsville","Away","West Coast",92,72,20,"Win",38,74,51.4,10,22,45.5,6,9,66.7,28,9,37,23,10,2,4,1,22,11,19,12,0,24,34,79,116.5,91.1,25.4,1.28,58.8,58.1,12.7,12.2,27.3,79,91.1,116.5,-25.4,0.78,50.6,50,17.7,20,17.6
"2014 / 2015","14",2015-01-23,"1930","20150123-1930_BENvsCAN","Bendigo","Home","Canberra",70,73,-3,"Loss",25,58,43.1,5,13,38.5,15,19,78.9,23,10,33,13,16,9,3,4,21,19,15,7,2,7,22,72,97.2,101.4,-4.2,0.96,52.2,47.4,22.2,32.8,31.2,77,94.8,90.9,3.89999999999999,1.04,49.3,43.2,20.8,25.8,34.3
"2014 / 2015","14",2015-01-23,"1930","20150123-1930_BENvsCAN","Canberra","Away","Bendigo",73,70,3,"Win",24,66,36.4,9,25,36,16,17,94.1,22,12,34,12,16,4,4,3,19,20,8,4,0,7,20,77,94.8,90.9,3.89999999999999,1.04,49.3,43.2,20.8,25.8,34.3,72,97.2,101.4,-4.2,0.96,52.2,47.4,22.2,32.8,31.2
"2014 / 2015","14",2015-01-23,"1930","20150123-1930_DANvsADL","Dandenong","Home","Adelaide",95,64,31,"Win",36,74,48.6,8,16,50,15,17,88.2,32,9,41,25,8,9,2,1,21,16,14,14,6,23,40,80,118.8,80,38.8,1.48,57.9,54.1,10,23,28.1,77,83.1,123.4,-40.3,0.67,41.1,36.2,19.5,41.5,31.9
"2014 / 2015","14",2015-01-23,"1930","20150123-1930_DANvsADL","Adelaide","Away","Dandenong",64,95,-31,"Loss",21,65,32.3,5,23,21.7,17,27,63,23,15,38,15,15,2,1,2,16,21,5,14,2,31,30,77,83.1,123.4,-40.3,0.67,41.1,36.2,19.5,41.5,31.9,80,118.8,80,38.8,1.48,57.9,54.1,10,23,28.1
"2014 / 2015","14",2015-01-24,"1500","20150124-1500_MELvsCAN","Melbourne","Home","Canberra",66,74,-8,"Loss",24,67,35.8,8,18,44.4,10,12,83.3,14,9,23,12,9,7,0,7,17,18,9,6,2,17,22,72,91.7,102.8,-11.1,0.89,45.4,41.8,12.5,17.9,23.1,67,110.4,98.5,11.9,1.12,60.1,54.6,25.4,29.6,44
"2014 / 2015","14",2015-01-24,"1500","20150124-1500_MELvsCAN","Canberra","Away","Melbourne",74,66,8,"Win",27,54,50,5,14,35.7,15,16,93.8,30,11,41,18,17,3,7,0,18,17,6,7,0,10,28,67,110.4,98.5,11.9,1.12,60.1,54.6,25.4,29.6,44,72,91.7,102.8,-11.1,0.89,45.4,41.8,12.5,17.9,23.1
"2014 / 2015","14",2015-01-25,"1300","20150125-1300_TSVvsSYD","Townsville","Home","Sydney",93,60,33,"Win",36,73,49.3,6,19,31.6,15,19,78.9,30,12,42,18,18,8,4,1,13,21,25,12,0,33,48,87,106.9,69,37.9,1.55,56.7,53.4,20.7,26,37.5,83,72.3,112,-39.7,0.65,41.3,38.1,25.3,17.9,25
"2014 / 2015","14",2015-01-25,"1300","20150125-1300_TSVvsSYD","Sydney","Away","Townsville",60,93,-33,"Loss",22,67,32.8,7,21,33.3,9,12,75,20,10,30,14,21,6,1,5,21,13,8,8,0,25,24,83,72.3,112,-39.7,0.65,41.3,38.1,25.3,17.9,25,87,106.9,69,37.9,1.55,56.7,53.4,20.7,26,37.5
"2014 / 2015","14",2015-01-25,"1300","20150125-1300_WCWvsBEN","West Coast","Home","Bendigo",55,80,-25,"Loss",23,68,33.8,3,13,23.1,6,11,54.5,24,13,37,13,14,8,3,2,11,18,10,10,0,24,34,74,74.3,108.1,-33.8,0.69,37.6,36,18.9,16.2,27.1,76,105.3,72.4,32.9,1.45,58.7,54.9,19.7,24.6,22.6
"2014 / 2015","14",2015-01-25,"1300","20150125-1300_WCWvsBEN","Bendigo","Away","West Coast",80,55,25,"Win",30,61,49.2,7,18,38.9,13,15,86.7,35,7,42,17,15,6,2,3,18,11,14,6,2,17,40,76,105.3,72.4,32.9,1.45,58.7,54.9,19.7,24.6,22.6,74,74.3,108.1,-33.8,0.69,37.6,36,18.9,16.2,27.1
"2014 / 2015","15",2015-01-30,"1900","20150130-1900_CANvsADL","Canberra","Home","Adelaide",71,79,-8,"Loss",25,64,39.1,8,27,29.6,13,14,92.9,17,6,23,12,15,7,8,2,21,18,13,3,0,9,24,79,89.9,100,-10.1,0.9,50.2,45.3,19,21.9,18.2,77,102.6,92.2,10.4,1.11,57.7,56,20.8,37.9,29.2
"2014 / 2015","15",2015-01-30,"1900","20150130-1900_CANvsADL","Adelaide","Away","Canberra",79,71,8,"Win",30,58,51.7,5,15,33.3,14,22,63.6,27,7,34,11,16,6,2,8,18,21,13,4,2,25,32,77,102.6,92.2,10.4,1.11,57.7,56,20.8,37.9,29.2,79,89.9,100,-10.1,0.9,50.2,45.3,19,21.9,18.2
"2014 / 2015","15",2015-01-31,"1500","20150131-1500_DANvsWCW","Dandenong","Home","West Coast",87,80,7,"Win",30,69,43.5,3,20,15,24,24,100,27,9,36,15,5,9,0,1,20,18,17,6,6,14,40,76,114.5,105.3,9.2,1.09,54.1,45.7,6.6,34.8,24.3,80,100,108.8,-8.8,0.92,54.1,50,18.8,36.5,22.9
"2014 / 2015","15",2015-01-31,"1500","20150131-1500_DANvsWCW","West Coast","Away","Dandenong",80,87,-7,"Loss",26,63,41.3,11,32,34.4,17,23,73.9,28,8,36,17,15,2,1,0,18,20,2,7,0,21,22,80,100,108.8,-8.8,0.92,54.1,50,18.8,36.5,22.9,76,114.5,105.3,9.2,1.09,54.1,45.7,6.6,34.8,24.3
"2014 / 2015","15",2015-01-31,"1900","20150131-1900_SYDvsBEN","Sydney","Home","Bendigo",83,95,-12,"Loss",31,70,44.3,12,22,54.5,9,12,75,19,10,29,22,12,3,2,5,21,13,7,8,0,16,24,77,107.8,123.4,-15.6,0.87,54.8,52.9,15.6,17.1,25.6,75,126.7,110.7,16,1.14,59.2,54.5,10.7,41.8,38.7
"2014 / 2015","15",2015-01-31,"1900","20150131-1900_SYDvsBEN","Bendigo","Away","Sydney",95,83,12,"Win",35,67,52.2,3,16,18.8,22,28,78.6,29,12,41,20,8,5,5,2,13,21,16,9,0,24,50,75,126.7,110.7,16,1.14,59.2,54.5,10.7,41.8,38.7,77,107.8,123.4,-15.6,0.87,54.8,52.9,15.6,17.1,25.6
"2014 / 2015","15",2015-01-31,"1930","20150131-1930_MELvsTSV","Melbourne","Home","Townsville",69,88,-19,"Loss",27,66,40.9,11,22,50,4,6,66.7,23,4,27,10,18,4,4,4,19,15,20,2,2,7,16,83,83.1,106,-22.9,0.78,50.1,49.2,21.7,9.1,10.8,84,104.8,82.1,22.7,1.28,54.3,50.7,20.2,26.4,36.1
"2014 / 2015","15",2015-01-31,"1930","20150131-1930_MELvsTSV","Townsville","Away","Melbourne",88,69,19,"Win",35,72,48.6,3,9,33.3,15,19,78.9,33,13,46,11,17,7,4,4,15,19,19,6,12,19,40,84,104.8,82.1,22.7,1.28,54.3,50.7,20.2,26.4,36.1,83,83.1,106,-22.9,0.78,50.1,49.2,21.7,9.1,10.8
"2014 / 2015","15",2015-02-01,"1100","20150201-1100_ADLvsWCW","Adelaide","Home","West Coast",71,58,13,"Win",27,65,41.5,6,18,33.3,11,20,55,23,8,31,19,12,10,1,1,15,18,21,6,0,19,32,78,91,74.4,16.6,1.22,47.7,46.2,15.4,30.8,23.5,75,77.3,94.7,-17.4,0.82,42.9,40.2,22.7,23,28.1
"2014 / 2015","15",2015-02-01,"1100","20150201-1100_ADLvsWCW","West Coast","Away","Adelaide",58,71,-13,"Loss",23,61,37.7,3,22,13.6,9,14,64.3,26,9,35,6,17,5,1,1,18,15,10,6,2,19,30,75,77.3,94.7,-17.4,0.82,42.9,40.2,22.7,23,28.1,78,91,74.4,16.6,1.22,47.7,46.2,15.4,30.8,23.5
"2014 / 2015","15",2015-02-01,"1800","20150201-1800_BENvsTSV","Bendigo","Home","Townsville",66,55,11,"Win",23,55,41.8,5,16,31.2,15,17,88.2,26,8,34,14,23,10,0,3,13,21,4,6,2,17,28,77,85.7,71.4,14.3,1.2,52.3,46.4,29.9,30.9,26.7,78,70.5,84.6,-14.1,0.83,39.8,35.5,21.8,24.2,23.5
"2014 / 2015","15",2015-02-01,"1800","20150201-1800_BENvsTSV","Townsville","Away","Bendigo",55,66,-11,"Loss",20,62,32.3,4,16,25,11,15,73.3,22,8,30,10,17,14,3,0,21,13,14,2,2,8,20,78,70.5,84.6,-14.1,0.83,39.8,35.5,21.8,24.2,23.5,77,85.7,71.4,14.3,1.2,52.3,46.4,29.9,30.9,26.7
"2014 / 2015","16",2015-02-06,"1700","20150206-1700_ADLvsSYD","Adelaide","Home","Sydney",72,60,12,"Win",25,56,44.6,5,12,41.7,17,30,56.7,34,10,44,17,23,6,3,3,21,24,13,8,0,26,40,82,87.8,73.2,14.6,1.2,51.2,49.1,28,53.6,33.3,80,75,90,-15,0.83,37,31.7,15,29.6,26.1
"2014 / 2015","16",2015-02-06,"1700","20150206-1700_ADLvsSYD","Sydney","Away","Adelaide",60,72,-12,"Loss",21,71,29.6,3,20,15,15,21,71.4,20,12,32,15,12,10,3,3,24,21,21,2,0,28,28,80,75,90,-15,0.83,37,31.7,15,29.6,26.1,82,87.8,73.2,14.6,1.2,51.2,49.1,28,53.6,33.3
"2014 / 2015","16",2015-02-06,"1900","20150206-1900_TSVvsCAN","Townsville","Home","Canberra",94,67,27,"Win",33,58,56.9,9,19,47.4,19,23,82.6,32,7,39,20,17,3,4,0,16,22,12,11,0,14,44,78,120.5,85.9,34.6,1.4,68.2,64.7,21.8,39.7,28,77,87,122.1,-35.1,0.71,44.3,40.6,15.6,20.3,23.8
"2014 / 2015","16",2015-02-06,"1900","20150206-1900_TSVvsCAN","Canberra","Away","Townsville",67,94,-27,"Loss",25,69,36.2,6,25,24,11,14,78.6,18,10,28,13,12,8,0,4,22,15,7,5,0,9,26,77,87,122.1,-35.1,0.71,44.3,40.6,15.6,20.3,23.8,78,120.5,85.9,34.6,1.4,68.2,64.7,21.8,39.7,28
"2014 / 2015","16",2015-02-07,"1500","20150207-1500_MELvsDAN","Melbourne","Home","Dandenong",88,76,12,"Win",33,69,47.8,9,14,64.3,13,14,92.9,26,12,38,17,16,7,4,2,15,15,16,8,2,20,38,79,111.4,96.2,15.2,1.16,58.2,54.3,20.3,20.3,37.5,80,95,110,-15,0.86,50.2,47.8,20,20.3,29.7
"2014 / 2015","16",2015-02-07,"1500","20150207-1500_MELvsDAN","Dandenong","Away","Melbourne",76,88,-12,"Loss",30,69,43.5,6,16,37.5,10,14,71.4,20,11,31,16,16,14,2,4,15,15,11,9,2,6,26,80,95,110,-15,0.86,50.2,47.8,20,20.3,29.7,79,111.4,96.2,15.2,1.16,58.2,54.3,20.3,20.3,37.5
"2014 / 2015","16",2015-02-07,"1830","20150207-1830_WCWvsSYD","West Coast","Home","Sydney",85,93,-8,"Loss",33,69,47.8,8,17,47.1,11,16,68.8,22,8,30,22,11,1,5,6,28,17,10,7,0,46,50,79,107.6,117.7,-10.1,0.91,55.5,53.6,13.9,23.2,25,77,120.8,110.4,10.4,1.09,59.8,54,15.6,49.2,35.3
"2014 / 2015","16",2015-02-07,"1830","20150207-1830_WCWvsSYD","Sydney","Away","West Coast",93,85,8,"Win",30,63,47.6,8,15,53.3,25,31,80.6,24,12,36,16,12,6,6,5,17,28,13,9,2,21,32,77,120.8,110.4,10.4,1.09,59.8,54,15.6,49.2,35.3,79,107.6,117.7,-10.1,0.91,55.5,53.6,13.9,23.2,25
"2014 / 2015","16",2015-02-08,"1400","20150208-1400_BENvsMEL","Bendigo","Home","Melbourne",22,84,-62,"Loss",0,33,0,40.7,4,1017.5,28.6,19,150.5,82.6,25,12,37,17,12,11,2,5,22,89,22,9,4,10,33,66.7,254.5,-187.8,0.26,26.2,61.7,51.5,57.6,26.4,20,110,445,-335,0.25,29.3,80.3,85,53.3,29.2
"2014 / 2015","16",2015-02-08,"1400","20150208-1400_BENvsMEL","Melbourne","Away","Bendigo",22,89,-67,"Loss",1,30,3.3,46.2,8,577.5,42.1,16,263.1,69.6,34,10,44,17,23,7,5,2,22,84,6,12,2,37,20,110,445,-335,0.25,29.3,80.3,85,53.3,29.2,33,66.7,254.5,-187.8,0.26,26.2,61.7,51.5,57.6,26.4
"2014 / 2015","17",2015-02-13,"1740","20150213-1740_CANvsBEN","Canberra","Home","Bendigo",85,75,10,"Win",26,56,46.4,7,14,50,26,33,78.8,24,10,34,17,11,5,3,6,16,24,11,7,2,14,22,72,118.1,104.2,13.9,1.13,59.3,52.7,15.3,58.9,33.3,75,100,113.3,-13.3,0.88,56.3,53.3,14.7,23.3,7.7
"2014 / 2015","17",2015-02-13,"1740","20150213-1740_CANvsBEN","Bendigo","Away","Canberra",75,85,-10,"Loss",29,60,48.3,6,17,35.3,11,14,78.6,20,2,22,16,11,3,6,3,24,16,15,5,2,12,36,75,100,113.3,-13.3,0.88,56.3,53.3,14.7,23.3,7.7,72,118.1,104.2,13.9,1.13,59.3,52.7,15.3,58.9,33.3
"2014 / 2015","17",2015-02-13,"1930","20150213-1930_ADLvsDAN","Adelaide","Home","Dandenong",89,71,18,"Win",33,69,47.8,6,21,28.6,17,23,73.9,22,13,35,25,14,9,3,1,16,20,17,12,2,17,46,80,111.2,88.8,22.4,1.25,55.7,52.2,17.5,33.3,38.2,77,92.2,115.6,-23.4,0.8,44.8,43.2,20.8,17.8,45
"2014 / 2015","17",2015-02-13,"1930","20150213-1930_ADLvsDAN","Dandenong","Away","Adelaide",71,89,-18,"Loss",31,73,42.5,1,12,8.3,8,13,61.5,21,18,39,9,16,5,1,3,22,16,8,14,0,14,40,77,92.2,115.6,-23.4,0.8,44.8,43.2,20.8,17.8,45,80,111.2,88.8,22.4,1.25,55.7,52.2,17.5,33.3,38.2
"2014 / 2015","17",2015-02-14,"1830","20150214-1830_WCWvsMEL","West Coast","Home","Melbourne",61,64,-3,"Loss",24,62,38.7,1,11,9.1,12,14,85.7,17,11,28,12,18,7,6,2,14,19,12,11,6,26,36,75,81.3,85.3,-4,0.95,44.4,39.5,24,22.6,32.4,72,88.9,84.7,4.2,1.05,50.2,48.3,26.4,13.3,39.3
"2014 / 2015","17",2015-02-14,"1830","20150214-1830_WCWvsMEL","Melbourne","Away","West Coast",64,61,3,"Win",26,60,43.3,6,18,33.3,6,8,75,23,11,34,15,19,7,2,6,20,14,19,6,0,16,24,72,88.9,84.7,4.2,1.05,50.2,48.3,26.4,13.3,39.3,75,81.3,85.3,-4,0.95,44.4,39.5,24,22.6,32.4
"2014 / 2015","17",2015-02-14,"1900","20150214-1900_SYDvsTSV","Sydney","Home","Townsville",82,80,2,"Win",33,68,48.5,10,20,50,6,8,75,25,9,34,23,17,11,4,9,19,13,15,9,0,22,28,80,102.5,100,2.5,1.02,57.1,55.9,21.2,11.8,29,81,98.8,101.2,-2.40000000000001,0.98,52.2,47.9,22.2,20,34.2
"2014 / 2015","17",2015-02-14,"1900","20150214-1900_SYDvsTSV","Townsville","Away","Sydney",80,82,-2,"Loss",29,70,41.4,9,20,45,13,14,92.9,22,13,35,15,18,7,9,4,13,18,11,8,0,18,26,81,98.8,101.2,-2.40000000000001,0.98,52.2,47.9,22.2,20,34.2,80,102.5,100,2.5,1.02,57.1,55.9,21.2,11.8,29
"2014 / 2015","17",2015-02-15,"1700","20150215-1700_DANvsTSV","Dandenong","Home","Townsville",11,80,-69,"Loss",1,34,2.9,40.5,2,2025,11.1,7,158.6,87.5,37,11,48,16,13,3,8,4,21,77,8,8,6,10,16,68.8,500,-431.2,0.14,14.7,62.5,100,20.6,28.9,14,150,550,-400,0.27,28,58.2,100,71.4,29.7
"2014 / 2015","17",2015-02-15,"1700","20150215-1700_DANvsTSV","Townsville","Away","Dandenong",21,77,-56,"Loss",0,28,0,32.6,4,815,18.2,20,91,90.9,37,18,55,14,14,6,4,8,11,80,11,10,4,6,14,150,550,-400,0.27,28,58.2,100,71.4,29.7,16,68.8,500,-431.2,0.14,14.7,62.5,100,20.6,28.9
