"season","round","date","time","gameIDs201516","teamName","homeAway","oppName","pointsTotal","oppPointsTotal","pointsMargin","teamResult","fieldGoalsMade","fieldGoalsAtt","fieldGoalsPct","threesMade","threesAtt","threesPct","freeThrowsMade","freeThrowsAtt","freeThrowsPct","reboundsDef","reboundsOff","reboundsTotal","assists","turnovers","steals","blocks","blocksReceived","foulsPersonal","foulsOn","pointsFromTurnovers","pointsSecondChance","pointsFastBreak","pointsBench","pointsInThePaint","possess","offRtg","defRtg","pointsMarginRtg","offDefRatio","trueShootingRtg","eFGpct","turnoverRate","freeThrowRate","offReboundRate","oppPossess","oppOffRtg","oppDefRtg","oppPointsMarginRtg","oppOffDefRatio","oppTrueShootingRtg","oppeFGpct","oppTurnoverRate","oppFreeThrowRate","oppOffReboundRate"
"2015 / 2016","1",2015-10-09,"1930","20151009-1930_SEQvsBEN","South-East Queensland","Home","Bendigo",80,63,17,"Win",32,72,44.4,4,12,33.3,12,17,70.6,26,10,36,15,9,8,1,5,16,20,14,8,0,0,44,78,102.6,80.8,21.8,1.27,50,47.2,11.5,23.6,26.3,78,80.8,102.6,-21.8,0.79,41.4,37.9,21.8,18.6,36.6
"2015 / 2016","1",2015-10-09,"1930","20151009-1930_SEQvsBEN","Bendigo","Away","South-East Queensland",63,80,-17,"Loss",26,70,37.1,1,14,7.1,10,13,76.9,28,15,43,8,17,1,5,1,20,16,6,4,0,0,40,78,80.8,102.6,-21.8,0.79,41.4,37.9,21.8,18.6,36.6,78,102.6,80.8,21.8,1.27,50,47.2,11.5,23.6,26.3
"2015 / 2016","1",2015-10-10,"1900","20151010-1900_CANvsDAN","Canberra","Home","Dandenong",72,80,-8,"Loss",28,66,42.4,6,19,31.6,10,13,76.9,22,9,31,17,13,6,3,2,22,16,7,6,8,0,30,76,94.7,105.3,-10.6,0.9,49.9,47,17.1,19.7,24.3,76,105.3,94.7,10.6,1.11,51.4,43.8,15.8,41.5,37.1
"2015 / 2016","1",2015-10-10,"1900","20151010-1900_CANvsDAN","Dandenong","Away","Canberra",80,72,8,"Win",27,65,41.5,3,11,27.3,23,27,85.2,28,13,41,14,12,8,2,3,16,22,12,14,19,0,24,76,105.3,94.7,10.6,1.11,51.4,43.8,15.8,41.5,37.1,76,94.7,105.3,-10.6,0.9,49.9,47,17.1,19.7,24.3
"2015 / 2016","1",2015-10-10,"1900","20151010-1900_PERvsSYD","Perth","Home","Sydney",81,70,11,"Win",30,75,40,8,16,50,13,18,72.2,25,15,40,18,8,6,4,3,24,19,13,15,2,0,34,76,106.6,92.1,14.5,1.16,48.5,45.3,10.5,24,38.5,74,94.6,109.5,-14.9,0.86,50.1,44.8,20.3,43.1,28.6
"2015 / 2016","1",2015-10-10,"1900","20151010-1900_PERvsSYD","Sydney","Away","Perth",70,81,-11,"Loss",23,58,39.7,6,20,30,18,25,72,24,10,34,9,15,2,3,4,19,24,6,0,0,0,18,74,94.6,109.5,-14.9,0.86,50.1,44.8,20.3,43.1,28.6,76,106.6,92.1,14.5,1.16,48.5,45.3,10.5,24,38.5
"2015 / 2016","1",2015-10-10,"1900","20151010-1900_TSVvsBEN","Townsville","Home","Bendigo",64,72,-8,"Loss",25,58,43.1,5,13,38.5,9,14,64.3,20,5,25,12,17,6,4,1,19,13,13,7,0,0,32,76,84.2,94.7,-10.5,0.89,49.5,47.4,22.4,24.1,16.7,76,94.7,84.2,10.5,1.12,55,49.1,21.1,35.7,20
"2015 / 2016","1",2015-10-10,"1900","20151010-1900_TSVvsBEN","Bendigo","Away","Townsville",72,64,8,"Win",25,56,44.6,5,14,35.7,17,20,85,25,5,30,16,16,9,1,4,13,19,15,3,0,0,38,76,94.7,84.2,10.5,1.12,55,49.1,21.1,35.7,20,76,84.2,94.7,-10.5,0.89,49.5,47.4,22.4,24.1,16.7
"2015 / 2016","1",2015-10-10,"1930","20151010-1930_MELvsADL","Melbourne","Home","Adelaide",94,72,22,"Win",39,81,48.1,5,23,21.7,11,15,73.3,34,14,48,18,13,3,2,0,15,15,18,15,0,0,54,87,108,82.8,25.2,1.3,53.3,51.2,14.9,18.5,43.8,83,86.7,113.3,-26.6,0.77,43.9,39,15.7,26,24.4
"2015 / 2016","1",2015-10-10,"1930","20151010-1930_MELvsADL","Adelaide","Away","Melbourne",72,94,-22,"Loss",27,73,37,3,10,30,15,19,78.9,18,11,29,12,13,4,0,2,15,15,10,6,2,0,36,83,86.7,113.3,-26.6,0.77,43.9,39,15.7,26,24.4,87,108,82.8,25.2,1.3,53.3,51.2,14.9,18.5,43.8
"2015 / 2016","2",2015-10-14,"1900","20151014-1900_SYDvsCAN","Sydney","Home","Canberra",85,67,18,"Win",29,57,50.9,7,16,43.8,20,24,83.3,27,5,32,17,15,7,0,2,19,22,13,4,0,22,30,78,109,85.9,23.1,1.27,62.1,57,19.2,42.1,20.8,76,88.2,111.8,-23.6,0.79,52.2,49.1,22.4,26.3,15.6
"2015 / 2016","2",2015-10-14,"1900","20151014-1900_SYDvsCAN","Canberra","Away","Sydney",67,85,-18,"Loss",26,57,45.6,4,13,30.8,11,15,73.3,19,5,24,12,17,3,2,0,22,19,9,4,0,37,24,76,88.2,111.8,-23.6,0.79,52.2,49.1,22.4,26.3,15.6,78,109,85.9,23.1,1.27,62.1,57,19.2,42.1,20.8
"2015 / 2016","2",2015-10-16,"1930","20151016-1930_DANvsSEQ","Dandenong","Home","South-East Queensland",89,81,8,"Win",36,68,52.9,4,9,44.4,13,19,68.4,27,9,36,19,16,4,4,1,12,19,11,6,2,23,48,83,107.2,97.6,9.60000000000001,1.1,57.8,55.9,19.3,27.9,28.1,85,95.3,104.7,-9.40000000000001,0.91,50.2,48,14.1,18.9,20.6
"2015 / 2016","2",2015-10-16,"1930","20151016-1930_DANvsSEQ","South-East Queensland","Away","Dandenong",81,89,-8,"Loss",32,74,43.2,7,18,38.9,10,14,71.4,23,7,30,11,12,11,1,4,19,12,10,8,2,7,40,85,95.3,104.7,-9.40000000000001,0.91,50.2,48,14.1,18.9,20.6,83,107.2,97.6,9.60000000000001,1.1,57.8,55.9,19.3,27.9,28.1
"2015 / 2016","2",2015-10-17,"1930","20151017-1930_ADLvsSYD","Adelaide","Home","Sydney",71,88,-17,"Loss",26,77,33.8,3,13,23.1,16,24,66.7,22,16,38,13,15,9,2,7,23,20,10,13,0,19,28,87,81.6,101.1,-19.5,0.81,40.2,35.7,17.2,31.2,31.4,81,108.6,87.7,20.9,1.24,57.3,53.9,18.5,42.2,31.2
"2015 / 2016","2",2015-10-17,"1930","20151017-1930_ADLvsSYD","Sydney","Away","Adelaide",88,71,17,"Win",33,64,51.6,3,15,20,19,27,70.4,35,10,45,21,15,4,7,2,20,22,14,11,0,37,26,81,108.6,87.7,20.9,1.24,57.3,53.9,18.5,42.2,31.2,87,81.6,101.1,-19.5,0.81,40.2,35.7,17.2,31.2,31.4
"2015 / 2016","2",2015-10-17,"1930","20151017-1930_MELvsPER","Melbourne","Home","Perth",68,78,-10,"Loss",22,57,38.6,6,13,46.2,18,19,94.7,20,9,29,13,17,2,3,4,16,16,9,9,0,0,20,73,93.2,106.8,-13.6,0.87,51.5,43.9,23.3,33.3,29,76,102.6,89.5,13.1,1.15,50.5,47.3,14.5,12.3,37.5
"2015 / 2016","2",2015-10-17,"1930","20151017-1930_MELvsPER","Perth","Away","Melbourne",78,68,10,"Win",31,73,42.5,7,24,29.2,9,9,100,22,12,34,16,11,7,4,3,16,16,16,9,2,14,30,76,102.6,89.5,13.1,1.15,50.5,47.3,14.5,12.3,37.5,73,93.2,106.8,-13.6,0.87,51.5,43.9,23.3,33.3,29
"2015 / 2016","2",2015-10-18,"1300","20151018-1300_TSVvsCAN","Townsville","Home","Canberra",104,60,44,"Win",43,77,55.8,9,21,42.9,9,13,69.2,29,10,39,19,13,8,6,2,25,20,29,12,0,28,50,86,120.9,69.8,51.1,1.73,62.5,61.7,15.1,16.9,45.5,81,74.1,128.4,-54.3,0.58,43.3,33.9,23.5,50,17.1
"2015 / 2016","2",2015-10-18,"1300","20151018-1300_TSVvsCAN","Canberra","Away","Townsville",60,104,-44,"Loss",16,56,28.6,6,16,37.5,22,28,78.6,12,6,18,14,19,1,2,6,20,25,9,5,0,26,10,81,74.1,128.4,-54.3,0.58,43.3,33.9,23.5,50,17.1,86,120.9,69.8,51.1,1.73,62.5,61.7,15.1,16.9,45.5
"2015 / 2016","2",2015-10-18,"1500","20151018-1500_BENvsPER","Bendigo","Home","Perth",81,65,16,"Win",31,66,47,10,26,38.5,9,13,69.2,29,11,40,16,18,5,3,3,20,15,10,15,8,12,42,79,102.5,82.3,20.2,1.25,56.1,54.5,22.8,19.7,36.7,75,86.7,108,-21.3,0.8,41.7,36,14.7,30.9,31
"2015 / 2016","2",2015-10-18,"1500","20151018-1500_BENvsPER","Perth","Away","Bendigo",65,81,-16,"Loss",22,68,32.4,5,23,21.7,16,21,76.2,19,13,32,10,11,6,3,3,15,20,14,10,2,14,16,75,86.7,108,-21.3,0.8,41.7,36,14.7,30.9,31,79,102.5,82.3,20.2,1.25,56.1,54.5,22.8,19.7,36.7
"2015 / 2016","3",2015-10-22,"1900","20151022-1900_CANvsSEQ","Canberra","Home","South-East Queensland",58,95,-37,"Loss",19,62,30.6,3,16,18.8,17,18,94.4,19,7,26,14,18,13,1,4,13,19,8,7,2,10,26,81,71.6,117.3,-45.7,0.61,41.1,33.1,22.2,29,17.1,84,113.1,69,44.1,1.64,60.4,58.3,21.4,19.4,38.7
"2015 / 2016","3",2015-10-22,"1900","20151022-1900_CANvsSEQ","South-East Queensland","Away","Canberra",95,58,37,"Win",37,72,51.4,10,16,62.5,11,14,78.6,34,12,46,19,18,8,4,1,19,13,22,18,4,43,44,84,113.1,69,44.1,1.64,60.4,58.3,21.4,19.4,38.7,81,71.6,117.3,-45.7,0.61,41.1,33.1,22.2,29,17.1
"2015 / 2016","3",2015-10-23,"1930","20151023-1930_DANvsBEN","Dandenong","Home","Bendigo",89,57,32,"Win",33,74,44.6,6,15,40,17,22,77.3,27,14,41,16,9,6,7,3,17,21,9,9,6,28,38,79,112.7,72.2,40.5,1.56,52.7,48.6,11.4,29.7,40,82,69.5,108.5,-39,0.64,36.1,26.9,19.5,37.3,30.8
"2015 / 2016","3",2015-10-23,"1930","20151023-1930_DANvsBEN","Bendigo","Away","Dandenong",57,89,-32,"Loss",18,67,26.9,0,13,0,21,25,84,21,12,33,13,16,7,3,7,21,17,4,2,8,10,26,82,69.5,108.5,-39,0.64,36.1,26.9,19.5,37.3,30.8,79,112.7,72.2,40.5,1.56,52.7,48.6,11.4,29.7,40
"2015 / 2016","3",2015-10-24,"1900","20151024-1900_BENvsCAN","Bendigo","Home","Canberra",77,66,11,"Win",24,53,45.3,5,16,31.2,24,29,82.8,26,12,38,16,14,8,3,6,19,22,14,8,0,4,36,68,113.2,97.1,16.1,1.17,57.7,50,20.6,54.7,40,70,94.3,110,-15.7,0.86,50.3,44.7,18.6,31.6,23.5
"2015 / 2016","3",2015-10-24,"1900","20151024-1900_BENvsCAN","Canberra","Away","Bendigo",66,77,-11,"Loss",22,57,38.6,7,21,33.3,15,18,83.3,18,8,26,15,13,4,6,3,22,19,11,7,0,5,20,70,94.3,110,-15.7,0.86,50.3,44.7,18.6,31.6,23.5,68,113.2,97.1,16.1,1.17,57.7,50,20.6,54.7,40
"2015 / 2016","3",2015-10-24,"1900","20151024-1900_SYDvsMEL","Sydney","Home","Melbourne",93,86,7,"Win",35,55,63.6,10,17,58.8,13,16,81.2,16,7,23,20,21,6,2,2,18,16,24,4,0,15,40,76,122.4,113.2,9.2,1.08,74.3,72.7,27.6,29.1,33.3,77,111.7,120.8,-9.09999999999999,0.92,60.1,56.5,24.7,32.3,44.8
"2015 / 2016","3",2015-10-24,"1900","20151024-1900_SYDvsMEL","Melbourne","Away","Sydney",86,93,-7,"Loss",32,62,51.6,6,15,40,16,20,80,14,13,27,19,19,8,2,2,16,18,18,7,0,9,40,77,111.7,120.8,-9.09999999999999,0.92,60.1,56.5,24.7,32.3,44.8,76,122.4,113.2,9.2,1.08,74.3,72.7,27.6,29.1,33.3
"2015 / 2016","3",2015-10-24,"1900","20151024-1900_TSVvsADL","Townsville","Home","Adelaide",104,41,63,"Win",35,61,57.4,13,23,56.5,21,26,80.8,36,8,44,21,17,8,3,1,15,23,25,9,0,40,34,81,128.4,50.6,77.8,2.54,70.9,68,21,42.6,29.6,83,49.4,125.3,-75.9,0.39,26.6,23.6,25.3,21.4,29.4
"2015 / 2016","3",2015-10-24,"1900","20151024-1900_TSVvsADL","Adelaide","Away","Townsville",41,104,-63,"Loss",16,70,22.9,1,10,10,8,15,53.3,19,15,34,6,21,8,1,3,23,15,13,8,0,9,18,83,49.4,125.3,-75.9,0.39,26.6,23.6,25.3,21.4,29.4,81,128.4,50.6,77.8,2.54,70.9,68,21,42.6,29.6
"2015 / 2016","3",2015-10-25,"1300","20151025-1300_PERvsDAN","Perth","Home","Dandenong",83,74,9,"Win",30,84,35.7,8,25,32,15,22,68.2,23,19,42,12,15,10,4,6,21,21,20,0,10,8,42,90,92.2,82.2,10,1.12,43.9,40.5,16.7,26.2,39.6,87,85.1,95.4,-10.3,0.89,47.4,42,23,27.5,30.3
"2015 / 2016","3",2015-10-25,"1300","20151025-1300_PERvsDAN","Dandenong","Away","Perth",74,83,-9,"Loss",28,69,40.6,2,4,50,16,19,84.2,29,10,39,15,20,6,6,4,21,21,12,15,0,14,32,87,85.1,95.4,-10.3,0.89,47.4,42,23,27.5,30.3,90,92.2,82.2,10,1.12,43.9,40.5,16.7,26.2,39.6
"2015 / 2016","3",2015-10-25,"1600","20151025-1600_SEQvsADL","South-East Queensland","Home","Adelaide",104,74,30,"Win",36,76,47.4,13,27,48.1,19,24,79.2,25,13,38,16,10,4,1,2,20,21,22,20,0,19,32,84,123.8,88.1,35.7,1.41,59.5,55.9,11.9,31.6,32.5,83,89.2,125.3,-36.1,0.71,45.5,38.4,21.7,37.7,37.5
"2015 / 2016","3",2015-10-25,"1600","20151025-1600_SEQvsADL","Adelaide","Away","South-East Queensland",74,104,-30,"Loss",25,69,36.2,3,21,14.3,21,26,80.8,27,15,42,11,18,4,2,1,21,20,11,8,0,18,30,83,89.2,125.3,-36.1,0.71,45.5,38.4,21.7,37.7,37.5,84,123.8,88.1,35.7,1.41,59.5,55.9,11.9,31.6,32.5
"2015 / 2016","4",2015-10-30,"1900","20151030-1900_PERvsBEN","Perth","Home","Bendigo",67,73,-6,"Loss",23,74,31.1,6,25,24,15,21,71.4,27,17,44,13,13,5,11,5,18,15,9,8,0,7,22,79,84.8,92.4,-7.60000000000001,0.92,39.9,35.1,16.5,28.4,39.5,82,89,81.7,7.3,1.09,44.3,37.3,13.4,33.8,28.9
"2015 / 2016","4",2015-10-30,"1900","20151030-1900_PERvsBEN","Bendigo","Away","Perth",73,67,6,"Win",25,71,35.2,3,19,15.8,20,24,83.3,26,11,37,14,11,9,5,11,15,18,10,16,0,8,36,82,89,81.7,7.3,1.09,44.3,37.3,13.4,33.8,28.9,79,84.8,92.4,-7.60000000000001,0.92,39.9,35.1,16.5,28.4,39.5
"2015 / 2016","4",2015-10-30,"1930","20151030-1930_SEQvsSYD","South-East Queensland","Home","Sydney",97,89,8,"Win",36,79,45.6,4,19,21.1,21,26,80.8,28,20,48,11,16,6,2,5,19,21,19,13,0,15,52,86,112.8,103.5,9.3,1.09,53.1,48.1,18.6,32.9,43.5,89,100,109,-9,0.92,57.1,52.9,20.2,30.9,17.6
"2015 / 2016","4",2015-10-30,"1930","20151030-1930_SEQvsSYD","Sydney","Away","South-East Queensland",89,97,-8,"Loss",33,68,48.5,6,17,35.3,17,21,81,26,6,32,19,18,5,5,2,21,19,20,8,0,11,44,89,100,109,-9,0.92,57.1,52.9,20.2,30.9,17.6,86,112.8,103.5,9.3,1.09,53.1,48.1,18.6,32.9,43.5
"2015 / 2016","4",2015-10-31,"1830","20151031-1830_DANvsTSV","Dandenong","Home","Townsville",75,83,-8,"Loss",33,70,47.1,4,8,50,5,7,71.4,27,4,31,11,12,4,3,4,19,14,8,0,0,12,44,81,92.6,102.5,-9.90000000000001,0.9,51.1,50,14.8,10,12.1,85,97.6,88.2,9.39999999999999,1.11,47.5,40.7,14.1,34.7,32.5
"2015 / 2016","4",2015-10-31,"1830","20151031-1830_DANvsTSV","Townsville","Away","Dandenong",83,75,8,"Win",30,75,40,1,16,6.2,22,26,84.6,29,13,42,13,12,3,4,3,14,19,8,10,0,6,38,85,97.6,88.2,9.39999999999999,1.11,47.5,40.7,14.1,34.7,32.5,81,92.6,102.5,-9.90000000000001,0.9,51.1,50,14.8,10,12.1
"2015 / 2016","4",2015-10-31,"1900","20151031-1900_CANvsMEL","Canberra","Home","Melbourne",63,91,-28,"Loss",25,66,37.9,5,14,35.7,8,15,53.3,22,10,32,15,20,6,4,4,11,18,10,8,2,24,34,83,75.9,109.6,-33.7,0.69,43.1,41.7,24.1,22.7,25.6,85,107.1,74.1,33,1.45,51.8,51.8,17.6,7.1,45
"2015 / 2016","4",2015-10-31,"1900","20151031-1900_CANvsMEL","Melbourne","Away","Canberra",91,63,28,"Win",40,85,47.1,8,24,33.3,3,6,50,29,18,47,19,15,11,4,4,18,11,30,25,10,24,42,85,107.1,74.1,33,1.45,51.8,51.8,17.6,7.1,45,83,75.9,109.6,-33.7,0.69,43.1,41.7,24.1,22.7,25.6
"2015 / 2016","4",2015-11-01,"1500","20151101-1500_ADLvsBEN","Adelaide","Home","Bendigo",76,68,8,"Win",27,69,39.1,6,17,35.3,16,18,88.9,31,13,44,13,10,5,2,3,16,21,10,13,0,11,24,74,102.7,91.9,10.8,1.12,49,43.5,13.5,26.1,32.5,77,88.3,98.7,-10.4,0.89,48.4,47.7,18.2,13.6,18.4
"2015 / 2016","4",2015-11-01,"1500","20151101-1500_ADLvsBEN","Bendigo","Away","Adelaide",68,76,-8,"Loss",26,66,39.4,11,26,42.3,5,9,55.6,27,7,34,16,14,4,3,2,21,16,7,12,0,4,30,77,88.3,98.7,-10.4,0.89,48.4,47.7,18.2,13.6,18.4,74,102.7,91.9,10.8,1.12,49,43.5,13.5,26.1,32.5
"2015 / 2016","4",2015-11-02,"1930","20151102_1930_MELvsTSV","Melbourne","Home","Townsville",84,75,9,"Win",32,66,48.5,8,19,42.1,12,14,85.7,29,11,40,19,19,4,1,4,16,17,15,4,2,10,8,80,105,93.8,11.2,1.12,57.8,54.5,23.8,21.2,35.5,86,87.2,97.7,-10.5,0.89,46.8,45.9,15.1,17.6,19.4
"2015 / 2016","4",2015-11-02,"1930","20151102_1930_MELvsTSV","Townsville","Away","Melbourne",75,84,-9,"Loss",32,74,43.2,4,16,25,7,13,53.8,20,7,27,12,13,6,4,1,17,16,14,9,4,10,52,86,87.2,97.7,-10.5,0.89,46.8,45.9,15.1,17.6,19.4,80,105,93.8,11.2,1.12,57.8,54.5,23.8,21.2,35.5
"2015 / 2016","5",2015-11-06,"1900","20151106-1900_SYDvsCAN","Sydney","Home","Canberra",68,45,23,"Win",26,61,42.6,7,17,41.2,9,12,75,29,14,43,16,16,5,7,2,14,17,12,11,0,18,28,68,100,66.2,33.8,1.51,51,48.4,23.5,19.7,50,68,66.2,100,-33.8,0.66,33.4,32.8,16.2,10.9,25.6
"2015 / 2016","5",2015-11-06,"1900","20151106-1900_SYDvsCAN","Canberra","Away","Sydney",45,68,-23,"Loss",21,64,32.8,0,11,0,3,7,42.9,14,10,24,7,11,5,2,7,17,14,12,8,0,10,32,68,66.2,100,-33.8,0.66,33.4,32.8,16.2,10.9,25.6,68,100,66.2,33.8,1.51,51,48.4,23.5,19.7,50
"2015 / 2016","5",2015-11-07,"1830","20151107-1830_DANvsMEL","Dandenong","Home","Melbourne",75,69,6,"Win",23,60,38.3,5,10,50,24,32,75,25,9,34,8,13,7,2,3,20,25,6,3,4,15,26,78,96.2,88.5,7.7,1.09,49.9,42.5,16.7,53.3,25.7,81,85.2,92.6,-7.39999999999999,0.92,50.3,45.9,24.7,26.2,21.9
"2015 / 2016","5",2015-11-07,"1830","20151107-1830_DANvsMEL","Melbourne","Away","Dandenong",69,75,-6,"Loss",24,61,39.3,8,22,36.4,13,16,81.2,26,7,33,18,20,1,3,2,25,20,8,7,0,24,24,81,85.2,92.6,-7.39999999999999,0.92,50.3,45.9,24.7,26.2,21.9,78,96.2,88.5,7.7,1.09,49.9,42.5,16.7,53.3,25.7
"2015 / 2016","5",2015-11-07,"1900","20151107-1900_BENvsSEQ","Bendigo","Home","South-East Queensland",84,79,5,"Win",30,69,43.5,4,14,28.6,20,22,90.9,29,13,42,19,14,6,10,7,19,19,8,10,2,11,40,80,105,98.8,6.2,1.06,52.9,46.4,17.5,31.9,39.4,80,98.8,105,-6.2,0.94,47,46.1,11.2,22.4,29.3
"2015 / 2016","5",2015-11-07,"1900","20151107-1900_BENvsSEQ","South-East Queensland","Away","Bendigo",79,84,-5,"Loss",32,76,42.1,6,21,28.6,9,17,52.9,20,12,32,12,9,5,7,10,19,19,18,4,2,13,42,80,98.8,105,-6.2,0.94,47,46.1,11.2,22.4,29.3,80,105,98.8,6.2,1.06,52.9,46.4,17.5,31.9,39.4
"2015 / 2016","5",2015-11-08,"1300","20151108-1300_TSVvsSYD","Townsville","Home","Sydney",70,73,-3,"Loss",26,73,35.6,2,8,25,16,20,80,26,13,39,14,11,3,3,2,19,19,8,7,0,17,38,80,87.5,91.2,-3.7,0.96,42.4,37,13.8,27.4,31,80,91.2,87.5,3.7,1.04,46.2,39.7,15,33.8,27.8
"2015 / 2016","5",2015-11-08,"1300","20151108-1300_TSVvsSYD","Sydney","Away","Townsville",73,70,3,"Win",26,68,38.2,2,12,16.7,19,23,82.6,29,10,39,13,12,6,2,3,19,19,13,11,0,15,32,80,91.2,87.5,3.7,1.04,46.2,39.7,15,33.8,27.8,80,87.5,91.2,-3.7,0.96,42.4,37,13.8,27.4,31
"2015 / 2016","5",2015-11-08,"1500","20151108-1500_ADLvsPER","Adelaide","Home","Perth",52,65,-13,"Loss",18,71,25.4,3,21,14.3,13,20,65,25,15,40,12,16,10,0,5,15,19,9,4,0,20,22,81,64.2,80.2,-16,0.8,32.3,27.5,19.8,28.2,31.9,80,81.2,65,16.2,1.25,45.3,44,23.8,14.9,28.6
"2015 / 2016","5",2015-11-08,"1500","20151108-1500_ADLvsPER","Perth","Away","Adelaide",65,52,13,"Win",26,67,38.8,7,26,26.9,6,10,60,32,10,42,22,19,5,4,0,19,15,11,8,0,13,30,80,81.2,65,16.2,1.25,45.3,44,23.8,14.9,28.6,81,64.2,80.2,-16,0.8,32.3,27.5,19.8,28.2,31.9
"2015 / 2016","5",2015-11-08,"1500","20151108-1500_MELvsSEQ","Melbourne","Home","South-East Queensland",64,76,-12,"Loss",23,56,41.1,5,16,31.2,13,16,81.2,23,10,33,16,25,4,8,1,16,19,9,9,6,4,26,78,82.1,97.4,-15.3,0.84,50.3,45.5,32.1,28.6,33.3,82,92.7,78,14.7,1.19,49,44.3,19.5,22.9,32.4
"2015 / 2016","5",2015-11-08,"1500","20151108-1500_MELvsSEQ","South-East Queensland","Away","Melbourne",76,64,12,"Win",27,70,38.6,8,15,53.3,14,16,87.5,20,11,31,18,16,10,1,8,19,16,20,12,12,28,28,82,92.7,78,14.7,1.19,49,44.3,19.5,22.9,32.4,78,82.1,97.4,-15.3,0.84,50.3,45.5,32.1,28.6,33.3
"2015 / 2016","6",2015-11-13,"1900","20151113-1900_PERvsDAN","Perth","Home","Dandenong",83,66,17,"Win",33,74,44.6,7,21,33.3,10,10,100,18,14,32,17,16,8,8,2,11,12,15,10,2,29,32,80,103.8,82.5,21.3,1.26,52.7,49.3,20,13.5,43.8,78,84.6,106.4,-21.8,0.8,39.9,37.2,23.1,12.8,55
"2015 / 2016","6",2015-11-13,"1900","20151113-1900_PERvsDAN","Dandenong","Away","Perth",66,83,-17,"Loss",27,78,34.6,4,17,23.5,8,10,80,18,22,40,13,18,4,2,8,12,11,9,13,0,25,34,78,84.6,106.4,-21.8,0.8,39.9,37.2,23.1,12.8,55,80,103.8,82.5,21.3,1.26,52.7,49.3,20,13.5,43.8
"2015 / 2016","6",2015-11-13,"1930","20151113-1930_SEQvsMEL","South-East Queensland","Home","Melbourne",78,62,16,"Win",28,70,40,6,22,27.3,16,19,84.2,28,13,41,10,12,7,4,5,13,18,15,5,2,27,34,77,101.3,80.5,20.8,1.26,49.4,44.3,15.6,27.1,33.3,77,80.5,101.3,-20.8,0.79,47.1,44.3,24.7,16.4,20
"2015 / 2016","6",2015-11-13,"1930","20151113-1930_SEQvsMEL","Melbourne","Away","South-East Queensland",62,78,-16,"Loss",24,61,39.3,6,15,40,8,10,80,26,7,33,9,19,3,5,4,19,13,2,5,2,4,18,77,80.5,101.3,-20.8,0.79,47.1,44.3,24.7,16.4,20,77,101.3,80.5,20.8,1.26,49.4,44.3,15.6,27.1,33.3
"2015 / 2016","6",2015-11-13,"1900","20151113_1900_SYDvsADL","Sydney","Home","Adelaide",84,79,5,"Win",29,59,49.2,8,16,50,18,19,94.7,24,7,31,15,16,2,5,3,13,21,21,9,0,23,22,76,110.5,103.9,6.59999999999999,1.06,61.7,55.9,21.1,32.2,26.9,78,101.3,107.7,-6.40000000000001,0.94,52.6,50,17.9,22.1,31.4
"2015 / 2016","6",2015-11-13,"1900","20151113_1900_SYDvsADL","Adelaide","Away","Sydney",79,84,-5,"Loss",30,68,44.1,8,19,42.1,11,15,73.3,19,11,30,16,14,8,3,5,21,13,20,12,0,13,28,78,101.3,107.7,-6.40000000000001,0.94,52.6,50,17.9,22.1,31.4,76,110.5,103.9,6.59999999999999,1.06,61.7,55.9,21.1,32.2,26.9
"2015 / 2016","6",2015-11-14,"1900","20151114-1900_CANvsADL","Canberra","Home","Adelaide",71,78,-7,"Loss",23,68,33.8,5,22,22.7,20,22,90.9,18,12,30,13,10,7,9,0,18,24,13,7,2,29,34,76,93.4,102.6,-9.19999999999999,0.91,45.3,37.5,13.2,32.4,26.7,79,98.7,89.9,8.8,1.1,47.2,42.6,20.3,24.3,51.4
"2015 / 2016","6",2015-11-14,"1900","20151114-1900_CANvsADL","Adelaide","Away","Canberra",78,71,7,"Win",29,74,39.2,5,10,50,15,18,83.3,33,19,52,11,16,3,0,9,24,18,8,13,0,37,32,79,98.7,89.9,8.8,1.1,47.2,42.6,20.3,24.3,51.4,76,93.4,102.6,-9.19999999999999,0.91,45.3,37.5,13.2,32.4,26.7
"2015 / 2016","6",2015-11-15,"1300","20151115-1300_TSVvsMEL","Townsville","Home","Melbourne",85,57,28,"Win",30,72,41.7,4,13,30.8,21,24,87.5,32,19,51,17,20,7,2,8,14,17,13,14,0,33,38,84,101.2,67.9,33.3,1.49,51,44.4,23.8,33.3,52.8,79,72.2,107.6,-35.4,0.67,37.8,35.4,17.7,9.7,23.8
"2015 / 2016","6",2015-11-15,"1300","20151115-1300_TSVvsMEL","Melbourne","Away","Townsville",57,85,-28,"Loss",24,72,33.3,3,20,15,6,7,85.7,17,10,27,14,14,7,8,2,17,14,13,8,0,9,30,79,72.2,107.6,-35.4,0.67,37.8,35.4,17.7,9.7,23.8,84,101.2,67.9,33.3,1.49,51,44.4,23.8,33.3,52.8
"2015 / 2016","6",2015-11-15,"1400","20151115-1400_BENvsPER","Bendigo","Home","Perth",73,86,-13,"Loss",25,68,36.8,9,24,37.5,14,18,77.8,19,16,35,16,20,8,3,6,23,17,18,13,7,10,28,80,91.2,107.5,-16.3,0.85,47.7,43.4,25,26.5,48.5,76,113.2,96.1,17.1,1.18,60.1,55.6,19.7,32.3,34.5
"2015 / 2016","6",2015-11-15,"1400","20151115-1400_BENvsPER","Perth","Away","Bendigo",86,73,13,"Win",29,62,46.8,11,24,45.8,17,20,85,17,10,27,17,15,12,6,3,17,23,21,5,2,27,20,76,113.2,96.1,17.1,1.18,60.1,55.6,19.7,32.3,34.5,80,91.2,107.5,-16.3,0.85,47.7,43.4,25,26.5,48.5
"2015 / 2016","7",2015-11-20,"1900","20151120-1900_PERvsADL","Perth","Home","Adelaide",93,85,8,"Win",36,66,54.5,9,25,36,12,17,70.6,24,11,35,17,21,12,5,1,13,19,19,12,2,25,40,83,112,102.4,9.59999999999999,1.09,62.8,61.4,25.3,25.8,37.9,86,98.8,108.1,-9.3,0.91,59.8,57,22.1,23.4,14.3
"2015 / 2016","7",2015-11-20,"1900","20151120-1900_PERvsADL","Adelaide","Away","Perth",85,93,-8,"Loss",33,64,51.6,7,16,43.8,12,15,80,18,4,22,24,19,14,1,5,19,13,21,2,0,23,42,86,98.8,108.1,-9.3,0.91,59.8,57,22.1,23.4,14.3,83,112,102.4,9.59999999999999,1.09,62.8,61.4,25.3,25.8,37.9
"2015 / 2016","7",2015-11-20,"1930","20151120-1930_SEQvsTSV","South-East Queensland","Home","Townsville",85,88,-3,"Loss",34,77,44.2,11,21,52.4,6,8,75,22,11,33,14,11,7,3,6,22,12,16,10,6,34,38,81,104.9,108.6,-3.69999999999999,0.97,52.6,51.3,13.6,10.4,26.8,87,101.1,97.7,3.39999999999999,1.03,57.9,53.7,21.8,28.4,24.1
"2015 / 2016","7",2015-11-20,"1930","20151120-1930_SEQvsTSV","Townsville","Away","South-East Queensland",88,85,3,"Win",35,67,52.2,2,10,20,16,19,84.2,30,7,37,12,19,5,6,3,12,21,8,7,2,15,46,87,101.1,97.7,3.39999999999999,1.03,57.9,53.7,21.8,28.4,24.1,81,104.9,108.6,-3.69999999999999,0.97,52.6,51.3,13.6,10.4,26.8
"2015 / 2016","7",2015-11-21,"1700","20151121-1700_SYDvsSEQ","Sydney","Home","South-East Queensland",94,69,25,"Win",34,62,54.8,8,20,40,18,19,94.7,36,2,38,21,18,5,5,2,17,22,18,0,0,15,28,86,109.3,80.2,29.1,1.36,66.2,61.3,20.9,30.6,11.1,87,79.3,108,-28.7,0.73,41,36.8,17.2,22.4,23.4
"2015 / 2016","7",2015-11-21,"1700","20151121-1700_SYDvsSEQ","South-East Queensland","Away","Sydney",69,94,-25,"Loss",26,76,34.2,4,21,19,13,17,76.5,16,11,27,11,15,7,2,5,22,17,6,8,0,17,36,87,79.3,108,-28.7,0.73,41,36.8,17.2,22.4,23.4,86,109.3,80.2,29.1,1.36,66.2,61.3,20.9,30.6,11.1
"2015 / 2016","7",2015-11-21,"1930","20151121-1930_MELvsBEN","Melbourne","Home","Bendigo",78,58,20,"Win",27,59,45.8,9,19,47.4,15,17,88.2,29,11,40,17,14,6,3,3,17,16,11,14,0,3,20,69,113,84.1,28.9,1.34,58.1,53.4,20.3,28.8,40.7,69,84.1,113,-28.9,0.74,41.9,39.7,17.4,20.6,29.3
"2015 / 2016","7",2015-11-21,"1930","20151121-1930_MELvsBEN","Bendigo","Away","Melbourne",58,78,-20,"Loss",22,63,34.9,6,18,33.3,8,13,61.5,16,12,28,17,12,4,3,3,16,17,9,9,0,12,28,69,84.1,113,-28.9,0.74,41.9,39.7,17.4,20.6,29.3,69,113,84.1,28.9,1.34,58.1,53.4,20.3,28.8,40.7
"2015 / 2016","7",2015-11-22,"1300","20151122-1300_CANvsTSV","Canberra","Home","Townsville",66,84,-18,"Loss",25,64,39.1,3,17,17.6,13,17,76.5,17,6,23,10,16,8,0,3,22,18,14,4,0,16,36,81,81.5,103.7,-22.2,0.79,45.8,41.4,19.8,26.6,19.4,78,107.7,84.6,23.1,1.27,54.4,46.8,19.2,47.6,43.3
"2015 / 2016","7",2015-11-22,"1300","20151122-1300_CANvsTSV","Townsville","Away","Canberra",84,66,18,"Win",28,63,44.4,3,13,23.1,25,30,83.3,25,13,38,17,15,9,3,0,19,22,15,9,4,16,42,78,107.7,84.6,23.1,1.27,54.4,46.8,19.2,47.6,43.3,81,81.5,103.7,-22.2,0.79,45.8,41.4,19.8,26.6,19.4
"2015 / 2016","7",2015-11-22,"1400","20151122-1400_BENvsDAN","Bendigo","Home","Dandenong",63,49,14,"Win",22,63,34.9,6,18,33.3,13,16,81.2,23,12,35,17,20,8,3,4,12,18,13,5,7,9,22,78,80.8,62.8,18,1.29,44.6,39.7,25.6,25.4,32.4,73,67.1,86.3,-19.2,0.78,38.8,34.5,30.1,19,34.3
"2015 / 2016","7",2015-11-22,"1400","20151122-1400_BENvsDAN","Dandenong","Away","Bendigo",49,63,-14,"Loss",20,58,34.5,0,6,0,9,11,81.8,25,12,37,4,22,11,4,3,18,12,10,4,5,6,24,73,67.1,86.3,-19.2,0.78,38.8,34.5,30.1,19,34.3,78,80.8,62.8,18,1.29,44.6,39.7,25.6,25.4,32.4
"2015 / 2016","8",2015-11-28,"1830","20151128-1830_DANvsSYD","Dandenong","Home","Sydney",85,65,20,"Win",33,68,48.5,5,13,38.5,14,17,82.4,22,8,30,23,10,7,2,2,16,17,18,6,10,21,38,77,110.4,84.4,26,1.31,55.9,52.2,13,25,27.6,76,85.5,111.8,-26.3,0.76,49.5,43.1,23.7,27.6,24.1
"2015 / 2016","8",2015-11-28,"1830","20151128-1830_DANvsSYD","Sydney","Away","Dandenong",65,85,-20,"Loss",24,58,41.4,2,18,11.1,15,16,93.8,21,7,28,5,18,4,2,2,17,16,8,8,11,20,44,76,85.5,111.8,-26.3,0.76,49.5,43.1,23.7,27.6,24.1,77,110.4,84.4,26,1.31,55.9,52.2,13,25,27.6
"2015 / 2016","8",2015-11-28,"1900","20151128-1900_CANvsMEL","Canberra","Home","Melbourne",61,66,-5,"Loss",21,43,48.8,3,11,27.3,16,26,61.5,19,5,24,8,19,4,0,1,21,18,4,6,0,9,24,68,89.7,97.1,-7.39999999999999,0.92,55.1,52.3,27.9,60.5,21.7,63,104.8,96.8,8,1.08,57.3,57,19,32,24
"2015 / 2016","8",2015-11-28,"1900","20151128-1900_CANvsMEL","Melbourne","Away","Canberra",66,61,5,"Win",26,50,52,5,10,50,9,16,56.2,18,6,24,9,12,8,1,0,20,20,13,6,0,27,28,63,104.8,96.8,8,1.08,57.3,57,19,32,24,68,89.7,97.1,-7.39999999999999,0.92,55.1,52.3,27.9,60.5,21.7
"2015 / 2016","8",2015-11-28,"1900","20151128-1900_TSVvsPER","Townsville","Home","Perth",91,81,10,"Win",35,68,51.5,7,21,33.3,14,18,77.8,29,9,38,16,13,5,2,2,12,15,15,4,10,14,46,80,113.8,101.2,12.6,1.12,59.4,56.6,16.2,26.5,34.6,81,100,112.3,-12.3,0.89,49.8,47.4,13.6,11.7,27.5
"2015 / 2016","8",2015-11-28,"1900","20151128-1900_TSVvsPER","Perth","Away","Townsville",81,91,-10,"Loss",31,77,40.3,11,28,39.3,8,9,88.9,17,11,28,11,11,4,2,2,15,12,17,7,4,6,26,81,100,112.3,-12.3,0.89,49.8,47.4,13.6,11.7,27.5,80,113.8,101.2,12.6,1.12,59.4,56.6,16.2,26.5,34.6
"2015 / 2016","8",2015-11-29,"1500","20151129-1500_ADLvsBEN","Adelaide","Home","Bendigo",73,89,-16,"Loss",28,75,37.3,4,13,30.8,13,21,61.9,17,15,32,15,14,7,3,6,19,16,10,10,0,22,36,83,88,107.2,-19.2,0.82,43,40,16.9,28,36.6,74,120.3,98.6,21.7,1.22,65.8,63.3,21.6,26.7,34.6
"2015 / 2016","8",2015-11-29,"1500","20151129-1500_ADLvsBEN","Bendigo","Away","Adelaide",89,73,16,"Win",33,60,55,10,22,45.5,13,16,81.2,26,9,35,20,16,8,6,3,16,19,18,14,6,15,32,74,120.3,98.6,21.7,1.22,65.8,63.3,21.6,26.7,34.6,83,88,107.2,-19.2,0.82,43,40,16.9,28,36.6
"2015 / 2016","8",2015-11-29,"1600","20151129-1600_SEQvsPER","South-East Queensland","Home","Perth",64,85,-21,"Loss",26,70,37.1,6,20,30,6,10,60,16,11,27,7,16,7,3,4,13,12,16,12,0,5,34,79,81,107.6,-26.6,0.75,42.8,41.4,20.3,14.3,28.2,78,109,82.1,26.9,1.33,57.7,54.5,25.6,20.9,48.4
"2015 / 2016","8",2015-11-29,"1600","20151129-1600_SEQvsPER","Perth","Away","South-East Queensland",85,64,21,"Win",33,67,49.3,7,21,33.3,12,14,85.7,28,15,43,14,20,4,4,3,12,13,19,17,2,10,40,78,109,82.1,26.9,1.33,57.7,54.5,25.6,20.9,48.4,79,81,107.6,-26.6,0.75,42.8,41.4,20.3,14.3,28.2
"2015 / 2016","9",2015-12-04,"1900","20151204-1900_SYDvsADL","Sydney","Home","Adelaide",67,94,-27,"Loss",27,61,44.3,2,13,15.4,11,13,84.6,18,5,23,16,11,3,1,5,19,17,11,6,0,12,30,73,91.8,128.8,-37,0.71,49.9,45.9,15.1,21.3,16.1,76,123.7,88.2,35.5,1.4,63.4,59.7,14.5,22.4,33.3
"2015 / 2016","9",2015-12-04,"1900","20151204-1900_SYDvsADL","Adelaide","Away","Sydney",94,67,27,"Win",37,67,55.2,6,16,37.5,14,15,93.3,26,9,35,20,11,5,5,1,17,19,12,6,0,10,48,76,123.7,88.2,35.5,1.4,63.4,59.7,14.5,22.4,33.3,73,91.8,128.8,-37,0.71,49.9,45.9,15.1,21.3,16.1
"2015 / 2016","9",2015-12-04,"1900","20151204-1900_TSVvsBEN","Townsville","Home","Bendigo",68,84,-16,"Loss",26,63,41.3,6,19,31.6,10,13,76.9,23,8,31,15,19,6,4,3,17,12,7,9,5,12,28,80,85,105,-20,0.81,49.2,46,23.8,20.6,24.2,78,107.7,87.2,20.5,1.24,56.4,52.3,20.5,30.8,34.3
"2015 / 2016","9",2015-12-04,"1900","20151204-1900_TSVvsBEN","Bendigo","Away","Townsville",84,68,16,"Win",28,65,43.1,12,25,48,16,20,80,25,12,37,18,16,3,3,4,12,17,9,8,8,7,28,78,107.7,87.2,20.5,1.24,56.4,52.3,20.5,30.8,34.3,80,85,105,-20,0.81,49.2,46,23.8,20.6,24.2
"2015 / 2016","9",2015-12-04,"1930","20151204-1930_DANvsPER","Dandenong","Home","Perth",65,63,2,"Win",26,69,37.7,2,14,14.3,11,12,91.7,31,10,41,11,10,4,3,5,16,16,4,2,7,10,32,74,87.8,85.1,2.7,1.03,43.5,39.1,13.5,17.4,27.8,76,82.9,85.5,-2.59999999999999,0.97,42.2,39,14.5,20.6,22.5
"2015 / 2016","9",2015-12-04,"1930","20151204-1930_DANvsPER","Perth","Away","Dandenong",63,65,-2,"Loss",23,68,33.8,7,22,31.8,10,14,71.4,26,9,35,16,11,3,5,3,16,16,8,4,2,18,22,76,82.9,85.5,-2.59999999999999,0.97,42.2,39,14.5,20.6,22.5,74,87.8,85.1,2.7,1.03,43.5,39.1,13.5,17.4,27.8
"2015 / 2016","9",2015-12-05,"1900","20151205-1900_CANvsSYD","Canberra","Home","Sydney",76,82,-6,"Loss",26,62,41.9,6,21,28.6,18,24,75,18,5,23,11,13,8,1,1,24,23,14,0,8,19,34,81,93.8,101.2,-7.40000000000001,0.93,51.8,46.8,16,38.7,16.1,81,101.2,93.8,7.40000000000001,1.08,59.6,52.7,25.9,52.7,30.8
"2015 / 2016","9",2015-12-05,"1900","20151205-1900_CANvsSYD","Sydney","Away","Canberra",82,76,6,"Win",27,55,49.1,4,11,36.4,24,29,82.8,26,8,34,12,21,5,1,1,23,24,15,4,0,17,28,81,101.2,93.8,7.40000000000001,1.08,59.6,52.7,25.9,52.7,30.8,81,93.8,101.2,-7.40000000000001,0.93,51.8,46.8,16,38.7,16.1
"2015 / 2016","9",2015-12-05,"1930","20151205-1930_MELvsPER","Melbourne","Home","Perth",73,84,-11,"Loss",28,65,43.1,10,22,45.5,7,12,58.3,17,13,30,13,18,2,2,1,17,15,17,9,3,9,24,75,97.3,112,-14.7,0.87,51.6,50.8,24,18.5,36.1,80,105,91.2,13.8,1.15,57.4,53.7,22.5,19.4,39.3
"2015 / 2016","9",2015-12-05,"1930","20151205-1930_MELvsPER","Perth","Away","Melbourne",84,73,11,"Win",33,67,49.3,6,16,37.5,12,13,92.3,23,11,34,14,18,11,1,2,15,17,15,18,4,16,36,80,105,91.2,13.8,1.15,57.4,53.7,22.5,19.4,39.3,75,97.3,112,-14.7,0.87,51.6,50.8,24,18.5,36.1
"2015 / 2016","9",2015-12-06,"1500","20151206-1500_ADLvsDAN","Adelaide","Home","Dandenong",72,70,2,"Win",27,62,43.5,3,14,21.4,15,19,78.9,18,8,26,15,14,13,2,1,17,18,14,6,0,12,32,76,94.7,92.1,2.60000000000001,1.03,50.7,46,18.4,30.6,25,74,94.6,97.3,-2.7,0.97,53.2,50.8,28.4,16.4,40
"2015 / 2016","9",2015-12-06,"1500","20151206-1500_ADLvsDAN","Dandenong","Away","Adelaide",70,72,-2,"Loss",28,61,45.9,6,17,35.3,8,10,80,24,12,36,16,21,4,1,2,18,17,14,10,0,2,28,74,94.6,97.3,-2.7,0.97,53.2,50.8,28.4,16.4,40,76,94.7,92.1,2.60000000000001,1.03,50.7,46,18.4,30.6,25
"2015 / 2016","9",2015-12-06,"1600","20151206-1600_SEQvsBEN","South-East Queensland","Home","Bendigo",88,97,-9,"Loss",32,63,50.8,7,22,31.8,17,27,63,21,9,30,18,13,2,7,2,19,20,26,7,0,25,40,79,111.4,122.8,-11.4,0.91,58,56.3,16.5,42.9,28.1,78,124.4,112.8,11.6,1.1,63.3,60.1,17.9,23.2,36.4
"2015 / 2016","9",2015-12-06,"1600","20151206-1600_SEQvsBEN","Bendigo","Away","South-East Queensland",97,88,9,"Win",36,69,52.2,11,18,61.1,14,16,87.5,23,12,35,22,14,6,2,7,20,19,15,14,2,5,44,78,124.4,112.8,11.6,1.1,63.3,60.1,17.9,23.2,36.4,79,111.4,122.8,-11.4,0.91,58,56.3,16.5,42.9,28.1
"2015 / 2016","10",2015-12-11,"1900","20151211-1900_PERvsSEQ","Perth","Home","South-East Queensland",85,67,18,"Win",30,80,37.5,10,32,31.2,15,22,68.2,34,17,51,22,8,8,8,3,18,15,16,13,2,19,32,81,104.9,82.7,22.2,1.27,47,43.8,9.9,27.5,37,77,87,110.4,-23.4,0.79,41.9,35,15.6,30,29.2
"2015 / 2016","10",2015-12-11,"1900","20151211-1900_PERvsSEQ","South-East Queensland","Away","Perth",67,85,-18,"Loss",22,70,31.4,5,21,23.8,18,21,85.7,29,14,43,13,12,4,3,8,15,18,4,15,0,13,24,77,87,110.4,-23.4,0.79,41.9,35,15.6,30,29.2,81,104.9,82.7,22.2,1.27,47,43.8,9.9,27.5,37
"2015 / 2016","10",2015-12-12,"1830","20151212-1830_DANvsCAN","Dandenong","Home","Canberra",84,80,4,"Win",32,63,50.8,5,15,33.3,15,17,88.2,24,14,38,14,22,5,1,1,16,18,11,15,3,10,34,78,107.7,102.6,5.10000000000001,1.05,59.1,54.8,28.2,27,48.3,75,106.7,112,-5.3,0.95,54.7,52.3,21.3,26.2,35.1
"2015 / 2016","10",2015-12-12,"1830","20151212-1830_DANvsCAN","Canberra","Away","Dandenong",80,84,-4,"Loss",29,65,44.6,10,27,37,12,17,70.6,15,13,28,14,16,5,1,1,19,16,7,6,6,15,32,75,106.7,112,-5.3,0.95,54.7,52.3,21.3,26.2,35.1,78,107.7,102.6,5.10000000000001,1.05,59.1,54.8,28.2,27,48.3
"2015 / 2016","10",2015-12-12,"1900","20151212-1900_BENvsMEL","Bendigo","Home","Melbourne",65,70,-5,"Loss",21,69,30.4,7,27,25.9,16,19,84.2,22,16,38,13,17,11,6,7,22,17,15,5,4,3,20,78,83.3,89.7,-6.40000000000001,0.93,41.7,35.5,21.8,27.5,38.1,74,94.6,87.8,6.8,1.08,53,50.9,25.7,33.3,31.2
"2015 / 2016","10",2015-12-12,"1900","20151212-1900_BENvsMEL","Melbourne","Away","Bendigo",70,65,5,"Win",23,57,40.4,12,23,52.2,12,19,63.2,26,10,36,18,19,8,7,6,17,22,9,9,0,6,16,74,94.6,87.8,6.8,1.08,53,50.9,25.7,33.3,31.2,78,83.3,89.7,-6.40000000000001,0.93,41.7,35.5,21.8,27.5,38.1
"2015 / 2016","10",2015-12-13,"1230","20151213-1230_SYDvsTSV","Sydney","Home","Townsville",78,79,-1,"Loss",30,73,41.1,5,21,23.8,13,18,72.2,29,9,38,19,14,9,2,3,11,15,15,4,0,17,26,86,90.7,91.9,-1.2,0.99,47.8,44.5,16.3,24.7,24.3,86,91.9,90.7,1.2,1.01,47.2,45.6,18.6,12.7,31
"2015 / 2016","10",2015-12-13,"1230","20151213-1230_SYDvsTSV","Townsville","Away","Sydney",79,78,1,"Win",34,79,43,4,13,30.8,7,10,70,28,13,41,20,16,5,3,2,15,11,14,13,0,11,44,86,91.9,90.7,1.2,1.01,47.2,45.6,18.6,12.7,31,86,90.7,91.9,-1.2,0.99,47.8,44.5,16.3,24.7,24.3
"2015 / 2016","10",2015-12-13,"1500","20151213-1500_ADLvsSEQ","Adelaide","Home","South-East Queensland",61,72,-11,"Loss",23,58,39.7,2,9,22.2,13,18,72.2,26,9,35,9,17,7,4,4,17,16,12,2,2,25,28,74,82.4,97.3,-14.9,0.85,45.8,41.4,23,31,27.3,74,97.3,82.4,14.9,1.18,50.9,46.2,18.9,18.5,27.8
"2015 / 2016","10",2015-12-13,"1500","20151213-1500_ADLvsSEQ","South-East Queensland","Away","Adelaide",72,61,11,"Win",25,65,38.5,10,25,40,12,12,100,24,10,34,18,14,7,4,4,16,17,10,2,0,18,20,74,97.3,82.4,14.9,1.18,50.9,46.2,18.9,18.5,27.8,74,82.4,97.3,-14.9,0.85,45.8,41.4,23,31,27.3
"2015 / 2016","10",2015-12-13,"1500","20151213-1500_MELvsCAN","Melbourne","Home","Canberra",78,75,3,"Win",32,73,43.8,13,28,46.4,1,2,50,28,7,35,20,6,3,1,3,11,11,12,5,0,19,26,73,106.8,102.7,4.09999999999999,1.04,52.7,52.7,8.2,2.7,22.6,72,104.2,108.3,-4.09999999999999,0.96,53.8,53.1,9.7,15.4,12.5
"2015 / 2016","10",2015-12-13,"1500","20151213-1500_MELvsCAN","Canberra","Away","Melbourne",75,78,-3,"Loss",30,65,46.2,9,18,50,6,10,60,24,4,28,15,7,1,3,1,11,11,14,6,0,8,28,72,104.2,108.3,-4.09999999999999,0.96,53.8,53.1,9.7,15.4,12.5,73,106.8,102.7,4.09999999999999,1.04,52.7,52.7,8.2,2.7,22.6
"2015 / 2016","11",2015-12-18,"1900","20151218-1900_PERvsCAN","Perth","Home","Canberra",88,68,20,"Win",35,79,44.3,7,22,31.8,11,13,84.6,26,15,41,16,14,12,5,10,15,12,18,6,2,23,48,84,104.8,81,23.8,1.29,51.7,48.7,16.7,16.5,39.5,81,84,108.6,-24.6,0.77,50.9,48.4,27.2,16.1,21.2
"2015 / 2016","11",2015-12-18,"1900","20151218-1900_PERvsCAN","Canberra","Away","Perth",68,88,-20,"Loss",26,62,41.9,8,21,38.1,8,10,80,23,7,30,12,22,7,10,5,12,15,15,3,4,24,26,81,84,108.6,-24.6,0.77,50.9,48.4,27.2,16.1,21.2,84,104.8,81,23.8,1.29,51.7,48.7,16.7,16.5,39.5
"2015 / 2016","11",2015-12-18,"1930","20151218-1930_BENvsSYD","Bendigo","Home","Sydney",64,67,-3,"Loss",21,60,35,6,20,30,16,18,88.9,24,11,35,8,12,4,5,4,23,14,9,4,2,2,20,69,92.8,97.1,-4.3,0.96,46.7,40,17.4,30,32.4,70,95.7,91.4,4.3,1.05,44.3,41.3,18.6,20.3,42.9
"2015 / 2016","11",2015-12-18,"1930","20151218-1930_BENvsSYD","Sydney","Away","Bendigo",67,64,3,"Win",25,69,36.2,7,12,58.3,10,14,71.4,23,18,41,8,13,2,4,5,15,23,3,6,0,15,24,70,95.7,91.4,4.3,1.05,44.3,41.3,18.6,20.3,42.9,69,92.8,97.1,-4.3,0.96,46.7,40,17.4,30,32.4
"2015 / 2016","11",2015-12-18,"1930","20151218-1930_DANvsMEL","Dandenong","Home","Melbourne",76,70,6,"Win",30,64,46.9,2,8,25,14,17,82.4,21,11,32,7,12,4,2,1,11,19,12,14,3,7,36,72,105.6,97.2,8.39999999999999,1.09,52.7,48.4,16.7,26.6,33.3,72,97.2,105.6,-8.39999999999999,0.92,54.9,54.2,20.8,13.3,25
"2015 / 2016","11",2015-12-18,"1930","20151218-1930_DANvsMEL","Melbourne","Away","Dandenong",70,76,-6,"Loss",29,60,48.3,7,19,36.8,5,8,62.5,22,7,29,11,15,4,1,2,19,11,6,9,3,9,26,72,97.2,105.6,-8.39999999999999,0.92,54.9,54.2,20.8,13.3,25,72,105.6,97.2,8.39999999999999,1.09,52.7,48.4,16.7,26.6,33.3
"2015 / 2016","11",2015-12-18,"1930","20151218-1930_SEQvsTSV","South-East Queensland","Home","Townsville",95,75,20,"Win",38,78,48.7,9,21,42.9,10,11,90.9,25,11,36,18,9,4,5,4,16,10,24,11,0,16,28,81,117.3,92.6,24.7,1.27,57.1,54.5,11.1,14.1,32.4,83,90.4,114.5,-24.1,0.79,50.7,41.3,20.5,36.5,21.9
"2015 / 2016","11",2015-12-18,"1930","20151218-1930_SEQvsTSV","Townsville","Away","South-East Queensland",75,95,-20,"Loss",25,63,39.7,2,14,14.3,23,23,100,23,7,30,15,17,3,4,5,10,16,4,8,0,9,34,83,90.4,114.5,-24.1,0.79,50.7,41.3,20.5,36.5,21.9,81,117.3,92.6,24.7,1.27,57.1,54.5,11.1,14.1,32.4
"2015 / 2016","11",2015-12-19,"1930","20151219-1930_ADLvsCAN","Adelaide","Home","Canberra",75,68,7,"Win",27,70,38.6,5,16,31.2,16,25,64,29,15,44,20,16,7,1,3,24,18,7,12,0,18,30,82,91.5,82.9,8.59999999999999,1.1,45.8,42.1,19.5,35.7,34.9,80,85,93.8,-8.8,0.91,47.7,39.7,21.2,48.3,19.4
"2015 / 2016","11",2015-12-19,"1930","20151219-1930_ADLvsCAN","Canberra","Away","Adelaide",68,75,-7,"Loss",22,58,37.9,2,16,12.5,22,28,78.6,28,7,35,9,17,6,3,1,18,24,12,4,0,10,34,80,85,93.8,-8.8,0.91,47.7,39.7,21.2,48.3,19.4,82,91.5,82.9,8.59999999999999,1.1,45.8,42.1,19.5,35.7,34.9
"2015 / 2016","11",2015-12-19,"1930","20151219-1930_MELvsSYD","Melbourne","Home","Sydney",62,65,-3,"Loss",21,58,36.2,8,24,33.3,12,15,80,18,17,35,13,21,9,4,0,20,15,13,19,0,11,12,69,89.9,94.2,-4.3,0.95,47.6,43.1,30.4,25.9,54.8,71,91.5,87.3,4.2,1.05,52.7,50.9,21.1,21.4,21.7
"2015 / 2016","11",2015-12-19,"1930","20151219-1930_MELvsSYD","Sydney","Away","Melbourne",65,62,3,"Win",26,56,46.4,5,15,33.3,8,12,66.7,14,5,19,14,15,6,0,3,15,20,14,5,6,11,24,71,91.5,87.3,4.2,1.05,52.7,50.9,21.1,21.4,21.7,69,89.9,94.2,-4.3,0.95,47.6,43.1,30.4,25.9,54.8
"2015 / 2016","11",2015-12-20,"1500","20151220-1500_TSVvsDAN","Townsville","Home","Dandenong",70,61,9,"Win",25,67,37.3,10,24,41.7,10,14,71.4,28,10,38,20,14,0,4,3,12,12,9,4,0,8,24,77,90.9,79.2,11.7,1.15,47.5,44.8,18.2,20.9,28.6,76,80.3,92.1,-11.8,0.87,40.3,37.1,13.2,17.1,24.3
"2015 / 2016","11",2015-12-20,"1500","20151220-1500_TSVvsDAN","Dandenong","Away","Townsville",61,70,-9,"Loss",25,70,35.7,2,14,14.3,9,12,75,25,9,34,7,10,4,3,4,12,12,16,11,0,9,28,76,80.3,92.1,-11.8,0.87,40.3,37.1,13.2,17.1,24.3,77,90.9,79.2,11.7,1.15,47.5,44.8,18.2,20.9,28.6
"2015 / 2016","12",2015-12-31,"1900","20151231-1900_PERvsTSV","Perth","Home","Townsville",71,77,-6,"Loss",28,76,36.8,6,25,24,9,11,81.8,21,15,36,11,14,11,0,7,14,12,15,13,0,10,32,80,88.8,96.2,-7.40000000000001,0.92,43.7,40.8,17.5,14.5,37.5,77,100,92.2,7.8,1.08,63.9,63.4,26,16.1,12.5
"2015 / 2016","12",2015-12-31,"1900","20151231-1900_PERvsTSV","Townsville","Away","Perth",77,71,6,"Win",31,56,55.4,9,17,52.9,6,9,66.7,25,3,28,19,20,5,7,0,12,14,13,2,0,21,36,77,100,92.2,7.8,1.08,63.9,63.4,26,16.1,12.5,80,88.8,96.2,-7.40000000000001,0.92,43.7,40.8,17.5,14.5,37.5
"2015 / 2016","12",2016-01-02,"1500","20160102-1500_SYDvsMEL","Sydney","Home","Melbourne",86,78,8,"Win",31,60,51.7,10,22,45.5,14,16,87.5,21,8,29,19,15,7,4,2,16,18,18,10,0,24,24,74,116.2,105.4,10.8,1.1,63.6,60,20.3,26.7,33.3,74,105.4,116.2,-10.8,0.91,57.3,53.4,24.3,32.2,34.4
"2015 / 2016","12",2016-01-02,"1500","20160102-1500_SYDvsMEL","Melbourne","Away","Sydney",78,86,-8,"Loss",26,59,44.1,11,24,45.8,15,19,78.9,16,11,27,15,18,6,2,4,18,16,9,2,0,31,26,74,105.4,116.2,-10.8,0.91,57.3,53.4,24.3,32.2,34.4,74,116.2,105.4,10.8,1.1,63.6,60,20.3,26.7,33.3
"2015 / 2016","12",2016-01-02,"1900","20160102-1900_BENvsCAN","Bendigo","Home","Canberra",78,68,10,"Win",31,68,45.6,6,19,31.6,10,12,83.3,26,8,34,20,11,8,2,4,15,12,9,2,2,8,42,76,102.6,89.5,13.1,1.15,52.9,50,14.5,17.6,24.2,75,90.7,104,-13.3,0.87,49.3,42.5,17.3,31.7,18.8
"2015 / 2016","12",2016-01-02,"1900","20160102-1900_BENvsCAN","Canberra","Away","Bendigo",68,78,-10,"Loss",24,60,40,3,13,23.1,17,19,89.5,25,6,31,10,13,4,4,2,12,15,7,4,1,7,36,75,90.7,104,-13.3,0.87,49.3,42.5,17.3,31.7,18.8,76,102.6,89.5,13.1,1.15,52.9,50,14.5,17.6,24.2
"2015 / 2016","12",2016-01-02,"1900","20160102-1900_SEQvsDAN","South-East Queensland","Home","Dandenong",66,72,-6,"Loss",23,76,30.3,4,22,18.2,16,18,88.9,28,18,46,9,10,5,4,4,20,17,5,7,0,16,26,76,86.8,94.7,-7.90000000000001,0.92,39,32.9,13.2,23.7,39.1,78,92.3,84.6,7.7,1.09,50.1,44.3,14.1,37.7,12.5
"2015 / 2016","12",2016-01-02,"1900","20160102-1900_SEQvsDAN","Dandenong","Away","South-East Queensland",72,66,6,"Win",25,61,41,4,9,44.4,18,23,78.3,28,4,32,11,11,4,4,4,17,20,4,4,0,13,30,78,92.3,84.6,7.7,1.09,50.1,44.3,14.1,37.7,12.5,76,86.8,94.7,-7.90000000000001,0.92,39,32.9,13.2,23.7,39.1
"2015 / 2016","12",2016-01-02,"1930","20160102-1930_ADLvsTSV","Adelaide","Home","Townsville",60,88,-28,"Loss",22,63,34.9,6,15,40,10,20,50,15,15,30,10,15,5,2,7,21,13,11,17,0,12,22,72,83.3,122.2,-38.9,0.68,41.4,39.7,20.8,31.7,35.7,72,122.2,83.3,38.9,1.47,56.1,55.2,15.3,35.8,53.1
"2015 / 2016","12",2016-01-02,"1930","20160102-1930_ADLvsTSV","Townsville","Away","Adelaide",88,60,28,"Win",33,67,49.3,8,26,30.8,14,24,58.3,27,17,44,22,11,6,7,2,13,21,11,10,0,21,40,72,122.2,83.3,38.9,1.47,56.1,55.2,15.3,35.8,53.1,72,83.3,122.2,-38.9,0.68,41.4,39.7,20.8,31.7,35.7
"2015 / 2016","13",2016-01-07,"1900","20160107-1900_SYDvsPER","Sydney","Home","Perth",83,73,10,"Win",28,63,44.4,6,19,31.6,21,21,100,25,9,34,18,13,5,8,2,16,19,13,8,0,22,28,76,109.2,96.1,13.1,1.14,56.9,49.2,17.1,33.3,31,79,92.4,105.1,-12.7,0.88,47.6,43.6,21.5,20,35.9
"2015 / 2016","13",2016-01-07,"1900","20160107-1900_SYDvsPER","Perth","Away","Sydney",73,83,-10,"Loss",27,70,38.6,7,27,25.9,12,14,85.7,20,14,34,11,17,8,2,8,19,16,16,10,0,18,32,79,92.4,105.1,-12.7,0.88,47.6,43.6,21.5,20,35.9,76,109.2,96.1,13.1,1.14,56.9,49.2,17.1,33.3,31
"2015 / 2016","13",2016-01-08,"1930","20160108-1930_ADLvsDAN","Adelaide","Home","Dandenong",63,79,-16,"Loss",22,67,32.8,6,21,28.6,13,20,65,17,14,31,15,16,10,0,5,20,14,14,8,2,13,22,78,80.8,101.3,-20.5,0.8,41.2,37.3,20.5,29.9,36.8,76,103.9,82.9,21,1.25,59.1,53.6,22.4,45.5,29.2
"2015 / 2016","13",2016-01-08,"1930","20160108-1930_ADLvsDAN","Dandenong","Away","Adelaide",79,63,16,"Win",28,55,50.9,3,9,33.3,20,25,80,24,7,31,18,17,7,5,0,14,20,18,6,2,16,26,76,103.9,82.9,21,1.25,59.1,53.6,22.4,45.5,29.2,78,80.8,101.3,-20.5,0.8,41.2,37.3,20.5,29.9,36.8
"2015 / 2016","13",2016-01-09,"1830","20160109-1830_DANvsSYD","Dandenong","Home","Sydney",64,61,3,"Win",22,67,32.8,3,8,37.5,17,20,85,27,14,41,7,13,5,4,6,18,22,10,2,6,16,22,75,85.3,81.3,4,1.05,41.8,35.1,17.3,29.9,36.8,75,81.3,85.3,-4,0.95,39,35.9,14.7,21.1,34.1
"2015 / 2016","13",2016-01-09,"1830","20160109-1830_DANvsSYD","Sydney","Away","Dandenong",61,64,-3,"Loss",23,71,32.4,5,21,23.8,10,15,66.7,24,14,38,9,11,4,6,4,22,18,11,11,4,25,30,75,81.3,85.3,-4,0.95,39,35.9,14.7,21.1,34.1,75,85.3,81.3,4,1.05,41.8,35.1,17.3,29.9,36.8
"2015 / 2016","13",2016-01-09,"1900","20160109-1900_BENvsMEL","Bendigo","Home","Melbourne",81,74,7,"Win",28,62,45.2,5,18,27.8,20,28,71.4,20,13,33,19,9,10,3,1,17,22,6,4,0,3,42,70,115.7,105.7,10,1.09,53.8,49.2,12.9,45.2,37.1,71,104.2,114.1,-9.89999999999999,0.91,55.6,57,16.9,35.1,25.9
"2015 / 2016","13",2016-01-09,"1900","20160109-1900_BENvsMEL","Melbourne","Away","Bendigo",74,81,-7,"Loss",27,57,47.4,11,21,52.4,9,20,45,22,7,29,14,12,1,1,3,22,17,10,8,4,12,24,71,104.2,114.1,-9.89999999999999,0.91,55.6,57,16.9,35.1,25.9,70,115.7,105.7,10,1.09,53.8,49.2,12.9,45.2,37.1
"2015 / 2016","13",2016-01-09,"1900","20160109-1900_CANvsPER","Canberra","Home","Perth",63,89,-26,"Loss",24,60,40,5,20,25,10,12,83.3,26,13,39,12,27,7,5,2,16,19,NA,NA,NA,NA,NA,79,79.7,112.7,-33,0.71,47.9,44.2,34.2,20,38.2,82,108.5,76.8,31.7,1.41,50.2,48.1,13.4,19.8,39.5
"2015 / 2016","13",2016-01-09,"1900","20160109-1900_CANvsPER","Perth","Away","Canberra",89,63,26,"Win",34,81,42,10,35,28.6,11,16,68.8,21,17,38,14,11,15,2,5,19,16,NA,NA,NA,NA,NA,82,108.5,76.8,31.7,1.41,50.2,48.1,13.4,19.8,39.5,79,79.7,112.7,-33,0.71,47.9,44.2,34.2,20,38.2
"2015 / 2016","13",2016-01-09,"1900","20160109-1900_TSVvsSEQ","Townsville","Home","South-East Queensland",80,90,-10,"Loss",31,73,42.5,8,21,38.1,10,15,66.7,28,9,37,19,16,2,4,4,16,13,10,9,0,8,40,87,92,103.4,-11.4,0.89,49.9,47.9,18.4,20.5,23.7,83,108.4,96.4,12,1.12,56,48.5,15.7,38.2,24.3
"2015 / 2016","13",2016-01-09,"1900","20160109-1900_TSVvsSEQ","South-East Queensland","Away","Townsville",90,80,10,"Win",28,68,41.2,10,21,47.6,24,26,92.3,29,9,38,16,13,3,4,4,13,16,18,12,2,2,20,83,108.4,96.4,12,1.12,56,48.5,15.7,38.2,24.3,87,92,103.4,-11.4,0.89,49.9,47.9,18.4,20.5,23.7
"2015 / 2016","14",2016-01-22,"1930","20160122-1930_BENvsSYD","Bendigo","Home","Sydney",81,66,15,"Win",30,68,44.1,5,16,31.2,16,20,80,31,15,46,19,14,4,2,1,14,16,8,11,6,5,48,76,106.6,86.8,19.8,1.23,52.3,47.8,18.4,29.4,44.1,75,88,108,-20,0.81,44.1,42.4,10.7,8.3,20.5
"2015 / 2016","14",2016-01-22,"1930","20160122-1930_BENvsSYD","Sydney","Away","Bendigo",66,81,-15,"Loss",28,72,38.9,5,21,23.8,5,6,83.3,19,8,27,14,8,3,1,2,16,14,13,7,0,17,36,75,88,108,-20,0.81,44.1,42.4,10.7,8.3,20.5,76,106.6,86.8,19.8,1.23,52.3,47.8,18.4,29.4,44.1
"2015 / 2016","14",2016-01-22,"1930","20160122-1930_DANvsADL","Dandenong","Home","Adelaide",63,77,-14,"Loss",25,60,41.7,5,14,35.7,8,10,80,22,4,26,14,15,6,2,4,22,15,11,4,2,10,22,75,84,102.7,-18.7,0.82,48.6,45.8,20,16.7,13.8,74,104.1,85.1,19,1.22,45.1,38.4,16.2,35.6,50
"2015 / 2016","14",2016-01-22,"1930","20160122-1930_DANvsADL","Adelaide","Away","Dandenong",77,63,14,"Win",26,73,35.6,4,15,26.7,21,26,80.8,25,22,47,15,12,6,4,2,15,22,14,11,4,11,32,74,104.1,85.1,19,1.22,45.1,38.4,16.2,35.6,50,75,84,102.7,-18.7,0.82,48.6,45.8,20,16.7,13.8
"2015 / 2016","14",2016-01-23,"1900","20160123-1900_SEQvsCAN","South-East Queensland","Home","Canberra",115,75,40,"Win",44,77,57.1,15,29,51.7,12,17,70.6,28,16,44,16,14,9,0,0,25,18,23,20,0,14,42,82,140.2,91.5,48.7,1.53,67.6,66.9,17.1,22.1,48.5,85,88.2,135.3,-47.1,0.65,53.3,46.6,20,44.8,3.4
"2015 / 2016","14",2016-01-23,"1900","20160123-1900_SEQvsCAN","Canberra","Away","South-East Queensland",75,115,-40,"Loss",25,58,43.1,4,14,28.6,21,26,80.8,17,1,18,9,17,3,0,0,18,25,9,2,2,32,26,85,88.2,135.3,-47.1,0.65,53.3,46.6,20,44.8,3.4,82,140.2,91.5,48.7,1.53,67.6,66.9,17.1,22.1,48.5
"2015 / 2016","14",2016-01-24,"1400","20160124-1400_PERvsADL","Perth","Home","Adelaide",76,67,9,"Win",28,65,43.1,7,22,31.8,13,19,68.4,24,7,31,19,6,2,2,5,16,19,14,8,0,11,30,72,105.6,93.1,12.5,1.13,51.3,48.5,8.3,29.2,25,71,94.4,107,-12.6,0.88,44.9,41,21.1,23.9,42.9
"2015 / 2016","14",2016-01-24,"1400","20160124-1400_PERvsADL","Adelaide","Away","Perth",67,76,-9,"Loss",22,67,32.8,11,26,42.3,12,16,75,21,18,39,13,15,0,5,2,19,16,9,6,0,13,14,71,94.4,107,-12.6,0.88,44.9,41,21.1,23.9,42.9,72,105.6,93.1,12.5,1.13,51.3,48.5,8.3,29.2,25
"2015 / 2016","14",2016-01-24,"1500","20160124-1500_TSVvsCAN","Townsville","Home","Canberra",97,83,14,"Win",39,74,52.7,5,15,33.3,14,22,63.6,30,10,40,26,11,7,4,8,9,17,12,8,0,25,48,85,114.1,97.6,16.5,1.17,57.4,56.1,12.9,29.7,34.5,84,98.8,115.5,-16.7,0.86,54.7,52.7,17.9,8.2,18.9
"2015 / 2016","14",2016-01-24,"1500","20160124-1500_TSVvsCAN","Canberra","Away","Townsville",83,97,-14,"Loss",33,73,45.2,11,27,40.7,6,6,100,19,7,26,18,15,1,8,4,17,9,8,6,0,17,36,84,98.8,115.5,-16.7,0.86,54.7,52.7,17.9,8.2,18.9,85,114.1,97.6,16.5,1.17,57.4,56.1,12.9,29.7,34.5
"2015 / 2016","14",2016-01-25,"1930","20160125-1930_MELvsDAN","Melbourne","Home","Dandenong",67,72,-5,"Loss",26,60,43.3,6,15,40,9,11,81.8,21,6,27,14,15,7,3,2,16,16,14,4,0,13,28,74,90.5,97.3,-6.8,0.93,51.4,48.3,20.3,18.3,20,76,94.7,88.2,6.5,1.07,49.2,47.8,21.1,16.2,38.2
"2015 / 2016","14",2016-01-25,"1930","20160125-1930_MELvsDAN","Dandenong","Away","Melbourne",72,67,5,"Win",30,68,44.1,5,15,33.3,7,11,63.6,24,13,37,16,16,7,2,3,16,16,14,6,4,12,38,76,94.7,88.2,6.5,1.07,49.2,47.8,21.1,16.2,38.2,74,90.5,97.3,-6.8,0.93,51.4,48.3,20.3,18.3,20
"2015 / 2016","15",2016-01-29,"1900","20160129-1900_TSVvsSYD","Townsville","Home","Sydney",89,80,9,"Win",35,67,52.2,4,14,28.6,15,22,68.2,30,10,40,11,12,7,1,3,11,20,12,14,0,15,50,79,112.7,101.3,11.4,1.11,57.5,55.2,15.2,32.8,29.4,85,94.1,104.7,-10.6,0.9,50.5,48.6,17.6,14.9,23.1
"2015 / 2016","15",2016-01-29,"1900","20160129-1900_TSVvsSYD","Sydney","Away","Townsville",80,89,-9,"Loss",32,74,43.2,8,20,40,8,11,72.7,24,9,33,18,15,4,3,1,21,10,13,4,0,22,32,85,94.1,104.7,-10.6,0.9,50.5,48.6,17.6,14.9,23.1,79,112.7,101.3,11.4,1.11,57.5,55.2,15.2,32.8,29.4
"2015 / 2016","15",2016-01-29,"1930","20160129-1930_ADLvsMEL","Adelaide","Home","Melbourne",70,47,23,"Win",24,76,31.6,5,21,23.8,17,22,77.3,21,20,41,18,15,18,2,0,15,19,22,11,0,10,30,81,86.4,58,28.4,1.49,40.5,34.9,18.5,28.9,44.4,77,61,90.9,-29.9,0.67,38.1,36.8,36.4,17.5,36.4
"2015 / 2016","15",2016-01-29,"1930","20160129-1930_ADLvsMEL","Melbourne","Away","Adelaide",47,70,-23,"Loss",19,57,33.3,4,18,22.2,5,10,50,25,12,37,9,28,4,0,2,19,15,14,6,0,8,22,77,61,90.9,-29.9,0.67,38.1,36.8,36.4,17.5,36.4,81,86.4,58,28.4,1.49,40.5,34.9,18.5,28.9,44.4
"2015 / 2016","15",2016-01-30,"1830","20160130-1830_DANvsBEN","Dandenong","Home","Bendigo",82,74,8,"Win",30,60,50,1,4,25,21,22,95.5,28,7,35,13,10,2,6,1,13,17,6,6,0,16,34,73,112.3,101.4,10.9,1.11,58.2,50.8,13.7,36.7,28,81,91.4,101.2,-9.8,0.9,43.9,42.6,9.9,8.6,28.2
"2015 / 2016","15",2016-01-30,"1830","20160130-1830_DANvsBEN","Bendigo","Away","Dandenong",74,82,-8,"Loss",30,81,37,9,31,29,5,7,71.4,18,11,29,14,8,5,1,6,17,13,3,12,2,4,32,81,91.4,101.2,-9.8,0.9,43.9,42.6,9.9,8.6,28.2,73,112.3,101.4,10.9,1.11,58.2,50.8,13.7,36.7,28
"2015 / 2016","15",2016-01-30,"1900","20160130-1900_PERvsMEL","Perth","Home","Melbourne",80,59,21,"Win",35,77,45.5,10,25,40,0,1,0,18,18,36,23,8,8,3,2,13,12,26,22,0,11,36,67,119.4,88.1,31.3,1.36,51.6,51.9,11.9,1.3,47.4,68,86.8,117.6,-30.8,0.74,51.5,49.1,29.4,13,33.3
"2015 / 2016","15",2016-01-30,"1900","20160130-1900_PERvsMEL","Melbourne","Away","Perth",59,80,-21,"Loss",22,54,40.7,9,24,37.5,6,7,85.7,20,9,29,11,20,3,2,3,12,13,5,8,0,17,24,68,86.8,117.6,-30.8,0.74,51.5,49.1,29.4,13,33.3,67,119.4,88.1,31.3,1.36,51.6,51.9,11.9,1.3,47.4
"2015 / 2016","15",2016-01-31,"1500","20160131-1500_CANvsADL","Canberra","Home","Adelaide",82,85,-3,"Loss",29,69,42,11,22,50,13,13,100,23,5,28,13,12,8,2,1,16,20,7,5,0,9,28,82,100,103.7,-3.7,0.96,54.5,50,14.6,18.8,14.3,83,102.4,98.8,3.60000000000001,1.04,53.4,52.1,18.1,22.2,32.4
"2015 / 2016","15",2016-01-31,"1500","20160131-1500_CANvsADL","Adelaide","Away","Canberra",85,82,3,"Win",34,72,47.2,7,16,43.8,10,16,62.5,30,11,41,21,15,5,1,2,20,16,8,13,2,14,44,83,102.4,98.8,3.60000000000001,1.04,53.4,52.1,18.1,22.2,32.4,82,100,103.7,-3.7,0.96,54.5,50,14.6,18.8,14.3
"2015 / 2016","15",2016-01-31,"1600","20160131-1600_SEQvsSYD","South-East Queensland","Home","Sydney",92,73,19,"Win",33,75,44,8,23,34.8,18,21,85.7,29,12,41,11,10,4,6,5,22,19,11,10,4,17,28,82,112.2,89,23.2,1.26,54.1,49.3,12.2,28,32.4,77,94.8,119.5,-24.7,0.79,46.9,38.5,14.3,41.5,27.5
"2015 / 2016","15",2016-01-31,"1600","20160131-1600_SEQvsSYD","Sydney","Away","South-East Queensland",73,92,-19,"Loss",23,65,35.4,4,14,28.6,23,27,85.2,25,11,36,11,11,0,5,6,19,21,2,6,0,21,26,77,94.8,119.5,-24.7,0.79,46.9,38.5,14.3,41.5,27.5,82,112.2,89,23.2,1.26,54.1,49.3,12.2,28,32.4
"2015 / 2016","16",2016-02-05,"1930","20160205-1930_ADLvsSEQ","Adelaide","Home","South-East Queensland",81,89,-8,"Loss",31,78,39.7,3,22,13.6,16,22,72.7,32,12,44,11,10,3,4,2,24,20,2,11,0,9,30,86,94.2,103.5,-9.3,0.91,45.8,41.7,11.6,28.2,24.5,83,107.2,97.6,9.60000000000001,1.1,51,43.9,9.6,37.8,25.6
"2015 / 2016","16",2016-02-05,"1930","20160205-1930_ADLvsSEQ","South-East Queensland","Away","Adelaide",89,81,8,"Win",29,74,39.2,7,20,35,24,28,85.7,37,11,48,15,8,4,2,4,20,24,3,11,0,9,28,83,107.2,97.6,9.60000000000001,1.1,51,43.9,9.6,37.8,25.6,86,94.2,103.5,-9.3,0.91,45.8,41.7,11.6,28.2,24.5
"2015 / 2016","16",2016-02-06,"1900","20160206-1900_PERvsSEQ","Perth","Home","South-East Queensland",71,87,-16,"Loss",27,72,37.5,12,36,33.3,5,6,83.3,22,12,34,15,21,3,0,1,22,10,6,9,0,0,26,84,84.5,103.6,-19.1,0.82,47.4,45.8,25,8.3,30.8,82,106.1,86.6,19.5,1.23,50.1,44.5,12.2,39.7,38.9
"2015 / 2016","16",2016-02-06,"1900","20160206-1900_PERvsSEQ","South-East Queensland","Away","Perth",87,71,16,"Win",30,73,41.1,5,24,20.8,22,29,75.9,27,14,41,14,10,11,1,0,12,22,15,8,0,16,40,82,106.1,86.6,19.5,1.23,50.1,44.5,12.2,39.7,38.9,84,84.5,103.6,-19.1,0.82,47.4,45.8,25,8.3,30.8
"2015 / 2016","16",2016-02-06,"1900","20160206-1900_SYDvsDAN","Sydney","Home","Dandenong",73,77,-4,"Loss",27,70,38.6,7,18,38.9,12,15,80,20,6,26,14,14,8,4,5,15,13,16,0,0,12,28,85,85.9,90.6,-4.69999999999999,0.95,47.3,43.6,16.5,21.4,15.4,81,95.1,90.1,5,1.06,52.6,49.3,22.2,19.4,33.3
"2015 / 2016","16",2016-02-06,"1900","20160206-1900_SYDvsDAN","Dandenong","Away","Sydney",77,73,4,"Win",31,67,46.3,4,10,40,11,13,84.6,33,10,43,19,18,2,5,4,13,15,14,8,0,17,38,81,95.1,90.1,5,1.06,52.6,49.3,22.2,19.4,33.3,85,85.9,90.6,-4.69999999999999,0.95,47.3,43.6,16.5,21.4,15.4
"2015 / 2016","16",2016-02-06,"1930","20160206-1930_MELvsTSV","Melbourne","Home","Townsville",60,84,-24,"Loss",25,68,36.8,7,21,33.3,3,4,75,18,10,28,12,15,2,1,2,19,15,14,9,2,12,24,75,80,112,-32,0.71,42.9,41.9,20,5.9,27.8,75,112,80,32,1.4,54.9,50.7,16,29.9,41.9
"2015 / 2016","16",2016-02-06,"1930","20160206-1930_MELvsTSV","Townsville","Away","Melbourne",84,60,24,"Win",31,67,46.3,6,14,42.9,16,20,80,26,13,39,16,12,6,2,1,15,19,20,9,2,28,44,75,112,80,32,1.4,54.9,50.7,16,29.9,41.9,75,80,112,-32,0.71,42.9,41.9,20,5.9,27.8
"2015 / 2016","16",2016-02-07,"1500","20160207-1500_BENvsTSV","Bendigo","Home","Townsville",63,75,-12,"Loss",26,75,34.7,5,21,23.8,6,8,75,18,20,38,14,16,4,5,5,20,11,7,17,0,10,26,75,84,100,-16,0.84,40,38,21.3,10.7,45.5,75,100,84,16,1.19,50.6,46.2,18.7,25.8,40
"2015 / 2016","16",2016-02-07,"1500","20160207-1500_BENvsTSV","Townsville","Away","Bendigo",75,63,12,"Win",27,66,40.9,7,18,38.9,14,17,82.4,24,12,36,16,14,6,5,5,11,19,6,11,0,17,28,75,100,84,16,1.19,50.6,46.2,18.7,25.8,40,75,84,100,-16,0.84,40,38,21.3,10.7,45.5
"2015 / 2016","16",2016-02-07,"1500","20160207-1500_CANvsDAN","Canberra","Home","Dandenong",69,73,-4,"Loss",29,63,46,5,21,23.8,6,10,60,28,6,34,17,18,8,10,2,12,12,4,2,2,15,44,79,87.3,92.4,-5.10000000000001,0.94,50.9,50,22.8,15.9,19.4,83,88,83.1,4.90000000000001,1.06,42.3,39.5,12,13.6,31.7
"2015 / 2016","16",2016-02-07,"1500","20160207-1500_CANvsDAN","Dandenong","Away","Canberra",73,69,4,"Win",29,81,35.8,6,11,54.5,9,11,81.8,25,13,38,11,10,10,2,10,12,12,20,14,2,6,28,83,88,83.1,4.90000000000001,1.06,42.3,39.5,12,13.6,31.7,79,87.3,92.4,-5.10000000000001,0.94,50.9,50,22.8,15.9,19.4
"2015 / 2016","17",2016-02-12,"1900","20160212-1900_CANvsPER","Canberra","Home","Perth",80,77,3,"Win",30,59,50.8,6,16,37.5,14,18,77.8,28,8,36,19,23,7,4,0,14,17,11,9,0,0,40,82,97.6,93.9,3.69999999999999,1.04,59.2,55.9,28,30.5,33.3,79,97.5,101.3,-3.8,0.96,48.9,47.3,20.3,13.5,34.9
"2015 / 2016","17",2016-02-12,"1900","20160212-1900_CANvsPER","Perth","Away","Canberra",77,80,-3,"Loss",29,74,39.2,12,33,36.4,7,10,70,16,15,31,15,16,15,0,4,17,14,22,11,2,10,28,79,97.5,101.3,-3.8,0.96,48.9,47.3,20.3,13.5,34.9,82,97.6,93.9,3.69999999999999,1.04,59.2,55.9,28,30.5,33.3
"2015 / 2016","17",2016-02-12,"1900","20160212-1900_TSVvsDAN","Townsville","Home","Dandenong",89,49,40,"Win",31,65,47.7,10,25,40,17,23,73.9,34,15,49,18,16,3,5,3,16,20,17,11,2,15,40,76,117.1,64.5,52.6,1.82,58.6,55.4,21.1,35.4,41.7,81,60.5,109.9,-49.4,0.55,31.5,29.1,21,10.8,29.2
"2015 / 2016","17",2016-02-12,"1900","20160212-1900_TSVvsDAN","Dandenong","Away","Townsville",49,89,-40,"Loss",20,74,27,3,19,15.8,6,8,75,21,14,35,9,17,5,3,5,20,16,8,10,0,7,22,81,60.5,109.9,-49.4,0.55,31.5,29.1,21,10.8,29.2,76,117.1,64.5,52.6,1.82,58.6,55.4,21.1,35.4,41.7
"2015 / 2016","17",2016-02-13,"1900","20160213-1900_SYDvsPER","Sydney","Home","Perth",85,88,-3,"Loss",32,68,47.1,7,18,38.9,14,14,100,18,9,27,20,16,7,1,2,11,14,12,8,0,26,44,81,104.9,108.6,-3.69999999999999,0.97,56.9,52.2,19.8,20.6,32.1,76,115.8,111.8,4,1.04,58.1,57,18.4,14.1,41.9
"2015 / 2016","17",2016-02-13,"1900","20160213-1900_SYDvsPER","Perth","Away","Sydney",88,85,3,"Win",35,71,49.3,11,26,42.3,7,10,70,19,13,32,17,14,4,2,1,14,11,20,13,0,15,40,76,115.8,111.8,4,1.04,58.1,57,18.4,14.1,41.9,81,104.9,108.6,-3.69999999999999,0.97,56.9,52.2,19.8,20.6,32.1
"2015 / 2016","17",2016-02-13,"1930","20160213-1930_MELvsADL","Melbourne","Home","Adelaide",62,88,-26,"Loss",25,69,36.2,8,16,50,4,6,66.7,18,13,31,13,24,5,3,7,18,12,6,18,0,17,22,83,74.7,106,-31.3,0.7,43.1,42,28.9,8.7,36.1,81,108.6,76.5,32.1,1.42,54.7,50.7,16,28.2,40
"2015 / 2016","17",2016-02-13,"1930","20160213-1930_MELvsADL","Adelaide","Away","Melbourne",88,62,26,"Win",35,71,49.3,2,11,18.2,16,20,80,23,12,35,17,13,12,7,3,12,18,31,11,4,10,48,81,108.6,76.5,32.1,1.42,54.7,50.7,16,28.2,40,83,74.7,106,-31.3,0.7,43.1,42,28.9,8.7,36.1
"2015 / 2016","17",2016-02-14,"1400","20160214-1400_BENvsADL","Bendigo","Home","Adelaide",78,92,-14,"Loss",28,62,45.2,5,18,27.8,17,21,81,18,6,24,13,16,6,1,3,19,19,14,7,4,9,38,81,96.3,113.6,-17.3,0.85,54.2,49.2,19.8,33.9,20,77,119.5,101.3,18.2,1.18,61.7,59.7,14.3,23.9,30.8
"2015 / 2016","17",2016-02-14,"1400","20160214-1400_BENvsADL","Adelaide","Away","Bendigo",92,78,14,"Win",37,67,55.2,6,14,42.9,12,16,75,24,8,32,14,11,2,3,1,19,19,17,9,0,18,40,77,119.5,101.3,18.2,1.18,61.7,59.7,14.3,23.9,30.8,81,96.3,113.6,-17.3,0.85,54.2,49.2,19.8,33.9,20
"2015 / 2016","17",2016-02-14,"1600","20160214-1600_SEQvsCAN","South-East Queensland","Home","Canberra",81,76,5,"Win",31,77,40.3,6,17,35.3,13,19,68.4,24,15,39,18,12,9,3,7,10,16,12,16,0,18,42,82,98.8,92.7,6.09999999999999,1.07,47.1,44.2,14.6,24.7,32.6,83,91.6,97.6,-6,0.94,48.9,47.3,20.5,13.7,31.4
"2015 / 2016","17",2016-02-14,"1600","20160214-1600_SEQvsCAN","Canberra","Away","South-East Queensland",76,81,-5,"Loss",31,73,42.5,7,22,31.8,7,10,70,31,11,42,16,17,6,7,3,16,9,16,7,2,9,34,83,91.6,97.6,-6,0.94,48.9,47.3,20.5,13.7,31.4,82,98.8,92.7,6.09999999999999,1.07,47.1,44.2,14.6,24.7,32.6
"2015 / 2016","18",2016-02-19,"1600","20160219-1600_PERvsTSV","Perth","Home","Townsville",82,69,13,"Win",35,83,42.2,8,26,30.8,4,8,50,22,12,34,16,6,11,1,3,26,11,20,13,2,17,36,81,101.2,85.2,16,1.19,47.2,47,7.4,9.6,26.7,83,83.1,98.8,-15.7,0.84,49.8,44.6,25.3,50,21.4
"2015 / 2016","18",2016-02-19,"1600","20160219-1600_PERvsTSV","Townsville","Away","Perth",69,82,-13,"Loss",24,56,42.9,2,17,11.8,19,28,67.9,33,6,39,12,21,2,3,1,11,26,6,6,2,11,40,83,83.1,98.8,-15.7,0.84,49.8,44.6,25.3,50,21.4,81,101.2,85.2,16,1.19,47.2,47,7.4,9.6,26.7
"2015 / 2016","18",2016-02-19,"1900","20160219-1900_SYDvsBEN","Sydney","Home","Bendigo",90,83,7,"Win",32,65,49.2,8,17,47.1,18,18,100,21,11,32,19,19,7,5,4,15,21,18,16,0,22,40,81,111.1,102.5,8.59999999999999,1.08,61.2,55.4,23.5,27.7,35.5,86,96.5,104.7,-8.2,0.92,49.3,48.1,20.9,13.9,43.2
"2015 / 2016","18",2016-02-19,"1900","20160219-1900_SYDvsBEN","Bendigo","Away","Sydney",83,90,-7,"Loss",35,79,44.3,6,18,33.3,7,11,63.6,20,16,36,8,18,10,4,5,21,15,26,19,0,8,54,86,96.5,104.7,-8.2,0.92,49.3,48.1,20.9,13.9,43.2,81,111.1,102.5,8.59999999999999,1.08,61.2,55.4,23.5,27.7,35.5
"2015 / 2016","18",2016-02-20,"1900","20160220-1900_CANvsBEN","Canberra","Home","Bendigo",78,71,7,"Win",30,70,42.9,6,18,33.3,12,15,80,27,13,40,19,12,9,8,2,12,14,13,13,2,20,34,76,102.6,93.4,9.19999999999999,1.1,50.6,47.1,15.8,21.4,35.1,78,91,100,-9,0.91,46,43,20.5,18.3,35.7
"2015 / 2016","18",2016-02-20,"1900","20160220-1900_CANvsBEN","Bendigo","Away","Canberra",71,78,-7,"Loss",26,71,36.6,9,22,40.9,10,13,76.9,24,15,39,11,16,8,2,8,14,12,13,8,2,5,26,78,91,100,-9,0.91,46,43,20.5,18.3,35.7,76,102.6,93.4,9.19999999999999,1.1,50.6,47.1,15.8,21.4,35.1
"2015 / 2016","18",2016-02-20,"1930","20160220-1930_ADLvsTSV","Adelaide","Home","Townsville",57,64,-7,"Loss",23,77,29.9,6,26,23.1,5,8,62.5,27,16,43,19,13,8,4,4,22,11,9,10,0,5,22,78,73.1,82.1,-9,0.89,35.3,33.8,16.7,10.4,35.6,76,84.2,75,9.2,1.12,43.1,36.9,21.1,45.9,32.5
"2015 / 2016","18",2016-02-20,"1930","20160220-1930_ADLvsTSV","Townsville","Away","Adelaide",64,57,7,"Win",20,61,32.8,5,17,29.4,19,28,67.9,29,13,42,13,16,6,4,4,12,22,5,6,0,20,22,76,84.2,75,9.2,1.12,43.1,36.9,21.1,45.9,32.5,78,73.1,82.1,-9,0.89,35.3,33.8,16.7,10.4,35.6
"2015 / 2016","18",2016-02-20,"1930","20160220-1930_MELvsSEQ","Melbourne","Home","South-East Queensland",81,67,14,"Win",28,60,46.7,15,25,60,10,11,90.9,29,10,39,18,17,1,3,0,18,12,12,8,2,12,20,72,112.5,93.1,19.4,1.21,62.1,59.2,23.6,18.3,34.5,77,87,105.2,-18.2,0.83,40,37.8,14.3,15.4,37
"2015 / 2016","18",2016-02-20,"1930","20160220-1930_MELvsSEQ","South-East Queensland","Away","Melbourne",67,81,-14,"Loss",28,78,35.9,3,16,18.8,8,12,66.7,19,17,36,11,11,3,0,3,13,17,12,2,0,28,38,77,87,105.2,-18.2,0.83,40,37.8,14.3,15.4,37,72,112.5,93.1,19.4,1.21,62.1,59.2,23.6,18.3,34.5
"2015 / 2016","18",2016-02-21,"1700","20160221-1700_DANvsSEQ","Dandenong","Home","South-East Queensland",64,88,-24,"Loss",22,62,35.5,3,16,18.8,17,28,60.7,23,8,31,9,14,2,3,4,23,22,8,4,5,20,26,80,80,110,-30,0.73,42.5,37.9,17.5,45.2,20.5,83,106,77.1,28.9,1.37,54,53.5,19.3,31,37.8
"2015 / 2016","18",2016-02-21,"1700","20160221-1700_DANvsSEQ","South-East Queensland","Away","Dandenong",88,64,24,"Win",32,71,45.1,12,27,44.4,12,22,54.5,31,14,45,19,16,7,4,3,22,23,17,14,7,16,24,83,106,77.1,28.9,1.37,54,53.5,19.3,31,37.8,80,80,110,-30,0.73,42.5,37.9,17.5,45.2,20.5
